residue_id,residue_name,conservation_score,neighbour_count,hydrophobicity,volume
1,MET,-0.917,1,-0.7,116.1
2,ASN,1.983,2,-0.7,116.1
3,PRO,1.403,3,-3.5,114.1
4,ILE,1.716,2,-3.9,168.6
5,VAL,-0.954,3,-1.6,112.7
6,VAL,0.802,3,4.5,166.7
7,VAL,-0.205,3,4.2,140.0
8,HIS,-0.171,3,3.8,166.7
9,GLY,-0.781,4,-0.8,89.0
10,GLY,-1.279,3,-0.7,116.1
11,GLY,-0.872,4,2.8,189.9
12,ALA,0.159,2,-3.5,114.1
13,GLY,-0.078,2,2.8,189.9
14,PRO,-0.372,4,-0.4,60.4
15,ILE,1.291,2,3.8,166.7
16,SER,1.094,2,-3.2,153.2
17,LYS,-0.966,4,1.8,88.6
18,ASP,-0.643,3,-3.5,114.1
19,ARG,1.394,2,4.2,140.0
20,LYS,0.284,2,-3.5,138.4
21,GLU,-0.701,5,1.8,88.6
22,ARG,0.666,3,-0.9,227.8
23,VAL,1.113,2,-3.9,168.6
24,HIS,0.731,3,4.2,140.0
25,GLN,-0.858,4,3.8,166.7
26,GLY,2.785,2,-0.8,89.0
27,MET,2.805,2,-3.9,168.6
28,VAL,-0.27,2,-0.4,60.4
29,ARG,0.652,4,-0.4,60.4
30,ALA,0.174,2,-3.9,168.6
31,ALA,-0.695,3,1.8,88.6
32,THR,0.288,2,3.8,166.7
33,VAL,-0.44,2,-3.5,111.1
34,GLY,-1.154,4,1.8,88.6
35,TYR,-0.972,3,4.2,140.0
36,GLY,-0.245,2,-3.5,138.4
37,ILE,0.391,2,-3.9,168.6
38,LEU,-0.724,5,-0.4,60.4
39,ARG,-0.602,2,4.2,140.0
40,GLU,0.989,3,-4.5,173.4
41,GLY,0.813,2,3.8,166.7
42,GLY,-0.523,2,4.2,140.0
43,SER,-1.391,4,-3.5,138.4
44,ALA,-0.255,2,-3.5,111.1
45,VAL,-0.321,2,-3.5,111.1
46,ASP,0.029,3,-1.6,112.7
47,ALA,2.497,2,-0.7,116.1
48,VAL,0.353,2,-3.5,138.4
49,GLU,-0.469,4,-4.5,173.4
50,GLY,-1.112,3,-0.8,89.0
51,ALA,-1.288,4,4.2,140.0
52,VAL,-1.257,3,-0.4,60.4
53,VAL,0.343,3,-1.3,193.6
54,ALA,-1.213,4,-0.4,60.4
55,LEU,-1.022,4,-0.4,60.4
56,GLU,-0.295,2,-4.5,173.4
57,ASP,-0.528,5,-1.6,112.7
58,ASP,-0.977,4,-3.5,111.1
59,PRO,0.546,3,-4.5,173.4
60,GLU,0.449,2,-3.5,111.1
61,PHE,-0.905,3,-0.4,60.4
62,ASN,0.971,3,-4.5,173.4
63,ALA,-0.649,3,4.2,140.0
64,GLY,-1.14,4,-0.7,116.1
65,CYS,-0.741,3,3.8,166.7
66,GLY,-1.299,3,-3.5,111.1
67,SER,-1.301,4,1.8,88.6
68,VAL,-0.526,4,2.5,108.5
69,LEU,-0.711,3,4.5,166.7
70,ASN,-1.333,3,1.9,162.9
71,THR,-0.219,3,-3.5,111.1
72,ASN,-0.655,2,-3.5,138.4
73,GLY,1.549,2,-3.5,114.1
74,GLU,0.688,2,-1.3,193.6
75,VAL,0.667,2,-3.5,114.1
76,GLU,-0.357,3,4.5,166.7
77,MET,-1.245,5,-0.4,60.4
78,ASP,-0.879,5,-0.8,89.0
79,ALA,-1.11,2,4.2,140.0
80,SER,-0.548,4,1.8,88.6
81,ILE,-0.174,3,2.5,108.5
82,MET,-0.266,3,1.9,162.9
83,ASP,0.16,3,-3.5,138.4
84,GLY,0.881,3,-3.2,153.2
85,LYS,-0.385,2,4.5,166.7
86,ASP,-0.02,2,-3.9,168.6
87,LEU,-0.93,2,-3.5,114.1
88,SER,-1.106,2,-1.6,112.7
89,ALA,-0.783,2,4.5,166.7
90,GLY,0.191,3,-0.8,89.0
91,ALA,-0.558,3,4.2,140.0
92,VAL,-1.35,4,1.8,88.6
93,SER,-0.522,3,-4.5,173.4
94,ALA,1.249,4,1.8,88.6
95,VAL,-0.971,2,4.2,140.0
96,GLN,-1.023,3,1.9,162.9
97,CYS,-0.334,3,-3.5,138.4
98,ILE,0.782,2,-3.9,168.6
99,ALA,-0.754,2,-0.7,116.1
100,ASN,0.806,2,-1.6,112.7
101,PRO,-1.136,2,-3.2,153.2
102,ILE,-0.716,3,4.2,140.0
103,LYS,-0.189,3,1.9,162.9
104,LEU,-0.775,3,3.8,166.7
105,ALA,0.075,4,4.2,140.0
106,ARG,-0.611,3,-0.4,60.4
107,LEU,1.062,2,-3.5,111.1
108,VAL,-0.883,2,-0.4,60.4
109,MET,-1.247,4,1.8,88.6
110,GLU,0.246,2,3.8,166.7
111,LYS,1.013,2,-3.5,138.4
112,THR,-0.743,2,2.8,189.9
113,PRO,-1.113,2,1.8,88.6
114,HIS,1.345,2,3.8,166.7
115,CYS,0.651,2,-0.8,89.0
116,PHE,0.517,2,-3.5,143.8
117,LEU,-0.356,2,-0.4,60.4
118,THR,0.229,2,2.8,189.9
119,ASP,0.239,2,-3.9,168.6
120,GLN,1.454,2,-3.9,168.6
121,GLY,0.141,3,-3.5,138.4
122,ALA,0.168,2,-3.5,114.1
123,ALA,-0.779,3,3.8,166.7
124,GLN,0.326,2,3.8,166.7
125,PHE,-0.833,2,-0.7,116.1
126,ALA,0.661,2,1.8,88.6
127,ALA,1.457,2,-3.5,138.4
128,ALA,-0.634,2,-0.8,89.0
129,MET,0.932,2,-3.5,138.4
130,GLY,0.819,2,-3.9,168.6
131,VAL,0.255,2,-3.5,138.4
132,PRO,0.058,3,-0.9,227.8
133,GLU,0.914,3,-3.9,168.6
134,ILE,0.916,2,-3.5,138.4
135,PRO,0.384,3,-0.9,227.8
136,GLY,0.581,2,3.8,166.7
137,GLU,1.056,2,-3.9,168.6
138,LYS,1.419,2,-0.7,116.1
139,LEU,0.908,3,-0.8,89.0
140,VAL,2.107,2,-3.5,143.8
141,THR,1.37,1,-1.3,193.6
142,GLU,1.287,2,-3.9,168.6
143,ARG,1.005,2,-1.6,112.7
144,ASN,2.795,2,4.5,166.7
145,LYS,1.492,2,4.2,140.0
146,LYS,1.029,2,-3.5,114.1
147,ARG,1.486,2,4.5,166.7
148,LEU,1.132,2,-3.5,138.4
149,GLU,0.141,2,-3.5,114.1
150,LYS,0.401,2,-3.2,153.2
151,GLU,-1.025,2,-3.5,111.1
152,LYS,-1.385,3,-0.7,116.1
153,HIS,-1.259,2,4.5,166.7
154,GLU,-1.098,3,-0.4,60.4
155,LYS,-0.761,3,1.9,162.9
156,GLY,-0.88,3,4.5,166.7
157,ALA,-1.035,3,1.8,88.6
158,GLN,-0.033,3,3.8,166.7
159,LYS,-1.237,3,-3.5,111.1
160,THR,1.601,2,1.8,88.6
161,ASP,1.526,2,-3.5,143.8
162,CYS,-0.96,2,-0.4,60.4
163,GLN,-0.297,2,-3.5,114.1
164,LYS,-0.353,3,3.8,166.7
165,ASN,-0.926,3,-0.8,89.0
166,LEU,-0.972,3,-0.4,60.4
167,GLY,-0.648,3,1.8,88.6
168,THR,-1.171,3,2.5,108.5
169,VAL,-1.352,3,-0.7,116.1
170,GLY,-1.374,4,-0.7,116.1
171,ALA,-1.369,4,-0.8,89.0
172,VAL,-1.385,3,-0.4,60.4
173,ALA,-0.266,2,1.9,162.9
174,LEU,-0.311,2,1.8,88.6
175,ASP,-0.181,4,-1.3,193.6
176,CYS,-1.229,3,-3.9,168.6
177,LYS,0.338,2,1.9,162.9
178,GLY,0.792,2,-3.2,153.2
179,ASN,-1.281,2,-0.4,60.4
180,VAL,-1.388,2,-4.5,173.4
181,ALA,-0.913,2,4.2,140.0
182,TYR,-1.308,3,-0.4,60.4
183,ALA,-1.354,4,-3.5,111.1
184,THR,-0.898,3,-0.8,89.0
185,SER,-0.955,4,-1.6,112.7
186,THR,-0.522,2,4.5,166.7
187,GLY,-0.638,2,4.5,166.7
188,GLY,-1.298,4,-0.4,60.4
189,ILE,-0.871,4,1.8,88.6
190,VAL,-1.346,5,-0.4,60.4
191,ASN,-0.773,3,3.8,166.7
192,LYS,-0.425,3,2.8,189.9
193,MET,-1.125,3,4.2,140.0
194,VAL,-0.648,2,-3.5,111.1
195,GLY,-0.524,2,-3.5,114.1
196,ARG,1.306,2,-3.5,138.4
197,VAL,0.166,2,4.5,166.7
198,GLY,-0.625,3,-0.4,60.4
199,ASP,-0.822,3,1.8,88.6
200,SER,-0.823,3,1.8,88.6
201,PRO,-1.016,3,-0.7,116.1
202,CYS,-0.417,4,1.8,88.6
203,LEU,-1.315,2,-0.7,116.1
204,GLY,-1.369,3,-0.4,60.4
205,ALA,0.543,2,-3.2,153.2
206,GLY,-1.385,5,-0.4,60.4
207,GLY,-1.355,2,-3.5,138.4
208,TYR,0.349,2,-3.5,138.4
209,ALA,-0.771,2,4.2,140.0
210,ASP,-0.661,3,4.5,166.7
211,ASN,-0.861,2,-4.5,173.4
212,ASP,0.639,2,-0.7,116.1
213,ILE,0.493,4,4.2,140.0
214,GLY,-0.455,3,-0.4,60.4
215,ALA,-1.003,3,-0.7,116.1
216,VAL,0.255,3,-3.2,153.2
217,SER,0.193,2,3.8,166.7
218,THR,-0.514,3,4.2,140.0
219,THR,-0.562,2,4.2,140.0
220,GLY,-0.348,3,-3.5,138.4
221,HIS,0.094,3,3.8,166.7
222,GLY,-0.695,3,1.9,162.9
223,GLU,-0.198,3,-3.5,114.1
224,SER,0.031,3,-3.5,143.8
225,ILE,-0.312,2,-0.4,60.4
226,LEU,1.434,3,-4.5,173.4
227,LYS,0.088,3,-0.7,116.1
228,VAL,0.011,3,-1.6,112.7
229,ASN,0.235,3,-3.5,143.8
230,LEU,0.331,3,-3.5,143.8
231,ALA,-1.286,2,1.8,88.6
232,ARG,-0.243,2,2.5,108.5
233,LEU,1.003,2,-3.9,168.6
234,THR,1.353,3,-3.5,138.4
235,LEU,-0.618,2,1.8,88.6
236,PHE,-0.234,2,4.2,140.0
237,HIS,1.738,4,-3.5,138.4
238,ILE,0.225,2,-4.5,173.4
239,GLU,-0.068,2,4.5,166.7
240,GLN,1.019,3,4.2,140.0
241,GLY,1.483,2,-3.9,168.6
242,LYS,0.795,3,4.5,166.7
243,THR,0.863,2,4.2,140.0
244,VAL,1.332,2,-3.5,114.1
245,GLU,2.278,3,-4.5,173.4
246,GLU,0.287,2,-4.5,173.4
247,ALA,1.779,2,-0.4,60.4
248,ALA,0.073,2,-3.9,168.6
249,ASP,1.372,2,-3.5,114.1
250,LEU,1.876,2,3.8,166.7
251,SER,0.579,2,-3.9,168.6
252,LEU,0.882,2,-3.5,111.1
253,GLY,0.112,2,4.5,166.7
254,TYR,0.085,2,-3.5,143.8
255,MET,-0.203,3,4.2,140.0
256,LYS,-0.865,3,-0.4,60.4
257,SER,0.076,3,2.8,189.9
258,ARG,-0.847,3,4.5,166.7
259,VAL,-0.892,3,1.8,88.6
260,LYS,0.461,3,3.8,166.7
261,GLY,-0.741,3,-3.5,114.1
262,LEU,0.178,2,-3.9,168.6
263,GLY,1.626,3,-3.9,168.6
264,GLY,-1.337,3,-0.4,60.4
265,LEU,-0.035,2,-3.5,138.4
266,ILE,1.024,3,-1.3,193.6
267,VAL,-0.515,4,-0.4,60.4
268,VAL,0.105,3,1.8,88.6
269,SER,0.042,2,-1.3,193.6
270,LYS,-0.292,4,2.5,108.5
271,THR,-0.788,4,4.5,166.7
272,GLY,-0.329,2,-3.5,143.8
273,ASP,1.137,2,-3.5,111.1
274,TRP,-0.362,2,-0.4,60.4
275,VAL,-1.182,2,2.8,189.9
276,ALA,-0.065,4,-3.5,114.1
277,LYS,-0.234,4,2.8,189.9
278,TRP,-0.628,3,1.8,88.6
279,THR,0.641,3,4.2,140.0
280,SER,1.552,3,-3.2,153.2
281,THR,1.099,3,-3.5,111.1
282,SER,2.567,2,-3.5,143.8
283,MET,2.463,2,-3.9,168.6
284,PRO,0.432,2,-0.4,60.4
285,TRP,0.171,3,-3.5,114.1
286,ALA,2.384,2,-4.5,173.4
287,ALA,0.869,3,3.8,166.7
288,ALA,1.811,2,-3.5,138.4
289,LYS,2.094,3,-0.7,116.1
290,ASP,0.544,2,-1.6,112.7
291,GLY,1.924,2,-0.4,60.4
292,LYS,0.139,4,2.8,189.9
293,LEU,1.348,3,1.8,88.6
294,HIS,-0.484,2,3.8,166.7
295,PHE,-0.453,1,-3.9,168.6
296,GLY,,2,-0.4,60.4
297,ILE,,3,4.5,166.7
298,ASP,,3,-3.5,111.1
299,PRO,,2,-1.6,112.7
300,ASP,,2,-3.5,111.1
301,ASP,,1,,
302,THR,,3,-0.7,116.1
303,THR,,2,-0.7,116.1
304,ILE,,3,4.5,166.7
305,THR,,2,-0.7,116.1
306,ASP,,3,-3.5,111.1
307,LEU,,2,3.8,166.7
308,PRO,,1,-1.6,112.7
