Residue ID,Residue Name,Norm Neighbour Count,Norm Conservation Score,Norm Hydrophobicity,Norm Proton Donor,Norm Volume,Weighted Sum
54,ASN,0.42857142857142855,0.978319223621722,0.8888888888888888,1.0,0.49912203687445134,0.7589803155912983
144,GLN,0.42857142857142855,0.9991740656617798,0.8888888888888888,1.0,0.3687445127304653,0.7370757791705127
264,ASN,0.2857142857142857,0.9830683460664877,0.8888888888888888,1.0,0.49912203687445134,0.7313587115088228
263,SER,0.42857142857142855,1.0,0.5888888888888889,1.0,0.6093064091308166,0.7253533453182268
269,GLN,0.42857142857142855,0.9244270080528598,0.8888888888888888,1.0,0.3687445127304653,0.7221263676487286
45,SER,0.5714285714285714,0.822837084451786,0.5888888888888889,1.0,0.6093064091308166,0.7184921907800126
101,HIS,0.5714285714285714,0.8315093950030973,0.8555555555555556,1.0,0.3274802458296752,0.71719475356338
154,ASN,0.42857142857142855,0.7625438777617178,0.8888888888888888,1.0,0.49912203687445134,0.7158252464192975
122,SER,0.42857142857142855,0.9518893247986784,0.5888888888888889,1.0,0.6093064091308166,0.7157312102779625
180,ASN,0.42857142857142855,0.7216601280198224,0.8888888888888888,1.0,0.49912203687445134,0.7076484964709183
297,SER,0.42857142857142855,0.9077018377039026,0.5888888888888889,1.0,0.6093064091308166,0.7068937128590074
30,SER,0.8571428571428571,0.47759653107577943,0.5888888888888889,1.0,0.6093064091308166,0.7065869372476683
133,SER,0.5714285714285714,0.7359074953541194,0.5888888888888889,1.0,0.6093064091308166,0.7011062729604793
172,THR,0.42857142857142855,0.9871980177575882,0.5777777777777778,1.0,0.49034240561896403,0.6967779259451519
21,ASN,0.2857142857142857,0.8040470782572785,0.8888888888888888,1.0,0.49912203687445134,0.6955544579469809
265,HIS,0.2857142857142857,0.9975221969853396,0.8555555555555556,1.0,0.3274802458296752,0.6932544568169714
234,SER,0.42857142857142855,0.8339871980177576,0.5888888888888889,1.0,0.6093064091308166,0.6921507849217783
304,HIS,0.2857142857142857,0.9826553788973778,0.8555555555555556,1.0,0.3274802458296752,0.690281093199379
97,HIS,0.42857142857142855,0.821598182944456,0.8555555555555556,1.0,0.3274802458296752,0.6866410825802232
125,SER,0.42857142857142855,0.7972331199669626,0.5888888888888889,1.0,0.6093064091308166,0.6847999693116193
50,THR,0.42857142857142855,0.9035721660128019,0.5777777777777778,1.0,0.49034240561896403,0.6800527555961946
77,SER,0.5714285714285714,0.62998141647739,0.5888888888888889,1.0,0.6093064091308166,0.6799210571851333
39,ASN,0.2857142857142857,0.7069997935164154,0.8888888888888888,1.0,0.49912203687445134,0.6761450009988083
244,GLN,0.2857142857142857,0.8131323559776997,0.8888888888888888,1.0,0.3687445127304653,0.6712960086622679
356,ASN,0.42857142857142855,0.5380962213504026,0.8888888888888888,1.0,0.49912203687445134,0.6709357151370343
120,SER,0.5714285714285714,0.5845550278752839,0.5888888888888889,1.0,0.6093064091308166,0.6708357794647122
311,SER,0.2857142857142857,0.8643402849473467,0.5888888888888889,1.0,0.6093064091308166,0.6696499737362676
368,ASN,0.42857142857142855,0.5285979764608713,0.8888888888888888,1.0,0.49912203687445134,0.669036066159128
69,GLN,0.42857142857142855,0.6233739417716291,0.8888888888888888,1.0,0.3687445127304653,0.6619157543924825
187,ASN,0.2857142857142857,0.6281230642163947,0.8888888888888888,1.0,0.49912203687445134,0.6603696551388042
350,GLN,0.2857142857142857,0.7231055131117076,0.8888888888888888,1.0,0.3687445127304653,0.6532906400890695
213,ASN,0.42857142857142855,0.4414619037786496,0.8888888888888888,1.0,0.49912203687445134,0.6516088516226838
29,ALA,1.0,0.9423910799091473,0.7,0.0,0.611062335381914,0.6506906830582122
175,SER,0.2857142857142857,0.7507743134420813,0.5888888888888889,1.0,0.6093064091308166,0.6469367794352145
174,ASP,0.42857142857142855,0.9997935164154449,0.8888888888888888,0.4,0.5122914837576822,0.6459090635266889
176,THR,0.42857142857142855,0.725996283295478,0.5777777777777778,1.0,0.49034240561896403,0.6445375790527297
245,HIS,0.2857142857142857,0.7460251909973157,0.8555555555555556,1.0,0.3274802458296752,0.6429550556193666
9,ASN,0.2857142857142857,0.5378897377658476,0.8888888888888888,1.0,0.49912203687445134,0.6423229898486947
352,THR,0.5714285714285714,0.5713400784637621,0.5777777777777778,1.0,0.49034240561896403,0.6421777666578152
248,ASP,0.42857142857142855,0.9797646087136073,0.8888888888888888,0.4,0.5122914837576822,0.6419032819863213
117,THR,0.42857142857142855,0.7030766054098698,0.5777777777777778,1.0,0.49034240561896403,0.6399536434756081
60,HIS,0.42857142857142855,0.5824901920297336,0.8555555555555556,1.0,0.3274802458296752,0.6388194843972788
344,ASP,0.42857142857142855,0.955399545736114,0.8888888888888888,0.4,0.5122914837576822,0.6370302693908227
218,SER,0.42857142857142855,0.555853809622135,0.5888888888888889,1.0,0.6093064091308166,0.6365241072426537
276,SER,0.2857142857142857,0.6931653933512285,0.5888888888888889,1.0,0.6093064091308166,0.6354149954170439
241,LYS,0.5714285714285714,1.0,0.9333333333333333,0.4,0.25987708516242325,0.6329277979848655
258,SER,0.2857142857142857,0.6803634111088168,0.5888888888888889,1.0,0.6093064091308166,0.6328545989685617
354,SER,0.42857142857142855,0.5370638034276275,0.5888888888888889,1.0,0.6093064091308166,0.6327661060037524
355,GLN,0.42857142857142855,0.4759446623993392,0.8888888888888888,1.0,0.3687445127304653,0.6324298985180246
342,GLN,0.2857142857142857,0.6066487714226718,0.8888888888888888,1.0,0.3687445127304653,0.6299992917512625
153,GLN,0.42857142857142855,0.44868882923807557,0.8888888888888888,1.0,0.3687445127304653,0.6269787318857718
40,TYR,0.42857142857142855,0.9066694197811274,0.6444444444444444,1.0,0.15013169446883237,0.6259633974531666
103,THR,0.42857142857142855,0.6215155895106339,0.5777777777777778,1.0,0.49034240561896403,0.6236414402957609
210,SER,0.42857142857142855,0.488953128226306,0.5888888888888889,1.0,0.6093064091308166,0.6231439709634881
336,SER,0.2857142857142857,0.6266776791245096,0.5888888888888889,1.0,0.6093064091308166,0.6221174525717001
108,THR,0.2857142857142857,0.7350815610158992,0.5777777777777778,1.0,0.49034240561896403,0.6177832060253854
296,ASP,0.2857142857142857,0.9997935164154449,0.8888888888888888,0.4,0.5122914837576822,0.6173376349552604
184,ASP,0.42857142857142855,0.8490604996902746,0.8888888888888888,0.4,0.5122914837576822,0.6157624601816549
78,THR,0.2857142857142857,0.7245508982035928,0.5777777777777778,1.0,0.49034240561896403,0.6156770734629242
212,ASN,0.2857142857142857,0.39520958083832336,0.8888888888888888,1.0,0.49912203687445134,0.61378695846319
223,SER,0.2857142857142857,0.5841420607061738,0.5888888888888889,1.0,0.6093064091308166,0.613610328888033
268,ARG,0.42857142857142855,0.9946314268015694,1.0,0.4,0.23880597014925375,0.6124017651044504
113,SER,0.2857142857142857,0.5773281024158579,0.5888888888888889,1.0,0.6093064091308166,0.6122475372299698
128,THR,0.2857142857142857,0.7065868263473053,0.5777777777777778,1.0,0.49034240561896403,0.6120842590916666
279,THR,0.2857142857142857,0.6861449514763577,0.5777777777777778,1.0,0.49034240561896403,0.6079958841174771
76,THR,0.42857142857142855,0.5358249019202973,0.5777777777777778,1.0,0.49034240561896403,0.6065033027776936
271,TYR,0.2857142857142857,0.946933718769358,0.6444444444444444,1.0,0.15013169446883237,0.6054448286793841
104,LYS,0.5714285714285714,0.8573198430724758,0.9333333333333333,0.4,0.25987708516242325,0.6043917665993608
346,THR,0.42857142857142855,0.5213710510014453,0.5777777777777778,1.0,0.49034240561896403,0.6036125325939232
146,TYR,0.2857142857142857,0.9368160231261614,0.6444444444444444,1.0,0.15013169446883237,0.6034212895507448
220,GLN,0.42857142857142855,0.3231468098286186,0.8888888888888888,1.0,0.3687445127304653,0.6018703280038804
22,THR,0.2857142857142857,0.6551724137931034,0.5777777777777778,1.0,0.49034240561896403,0.6018013765808263
178,SER,0.2857142857142857,0.5219905017551104,0.5888888888888889,1.0,0.6093064091308166,0.6011800170978203
181,ARG,0.42857142857142855,0.9376419574643816,1.0,0.4,0.23880597014925375,0.6010038712370129
288,ASN,0.2857142857142857,0.30869295890976667,0.8888888888888888,1.0,0.49912203687445134,0.5964836340774785
75,ASP,0.42857142857142855,0.7503613462729712,0.8888888888888888,0.4,0.5122914837576822,0.5960226294981943
66,ARG,0.42857142857142855,0.9056370018583523,1.0,0.4,0.23880597014925375,0.594602880115807
28,GLU,0.8571428571428571,0.4282469543671278,0.8888888888888888,0.4,0.392449517120281,0.5933456435038311
226,ASP,0.42857142857142855,0.7359074953541194,0.8888888888888888,0.4,0.5122914837576822,0.5931318593144238
340,TYR,0.42857142857142855,0.7423084864753252,0.6444444444444444,1.0,0.15013169446883237,0.5930912107920061
307,LYS,0.42857142857142855,0.9380549246334917,0.9333333333333333,0.4,0.25987708516242325,0.5919673543401354
332,GLN,0.2857142857142857,0.414619037786496,0.8888888888888888,1.0,0.3687445127304653,0.5915933450240272
137,ASN,0.2857142857142857,0.281850092917613,0.8888888888888888,1.0,0.49912203687445134,0.5911150608790477
102,THR,0.2857142857142857,0.6014866818087962,0.5777777777777778,1.0,0.49034240561896403,0.5910642301839648
151,ASP,0.42857142857142855,0.7247573817881477,0.8888888888888888,0.4,0.5122914837576822,0.5909018366012295
130,GLU,0.42857142857142855,0.8399752219698533,0.8888888888888888,0.4,0.392449517120281,0.5899770113100904
105,GLU,0.2857142857142857,0.9673755936403056,0.8888888888888888,0.4,0.392449517120281,0.5868856570727523
24,ASP,0.2857142857142857,0.8418335742308486,0.8888888888888888,0.4,0.5122914837576822,0.585745646518341
167,THR,0.2857142857142857,0.5618418335742308,0.5777777777777778,1.0,0.49034240561896403,0.5831352605370517
160,GLU,0.42857142857142855,0.8038405946727235,0.8888888888888888,0.4,0.392449517120281,0.5827500858506645
320,ARG,0.2857142857142857,0.985546149081148,1.0,0.4,0.23880597014925375,0.5820132809889376
124,TYR,0.42857142857142855,0.6803634111088168,0.6444444444444444,1.0,0.15013169446883237,0.5807021957187044
219,LYS,0.5714285714285714,0.7226925459425976,0.9333333333333333,0.4,0.25987708516242325,0.5774663071733852
313,ALA,0.5714285714285714,0.9997935164154449,0.7,0.0,0.611062335381914,0.5764568846451861
163,SER,0.2857142857142857,0.38488540161057194,0.5888888888888889,1.0,0.6093064091308166,0.5737589970689126
316,VAL,0.5714285714285714,0.9444559157546975,0.9666666666666666,0.0,0.38542581211589116,0.5735953931931653
229,GLU,0.5714285714285714,0.6062358042535618,0.8888888888888888,0.4,0.392449517120281,0.5718005563382607
182,ASP,0.2857142857142857,0.770390253974809,0.8888888888888888,0.4,0.5122914837576822,0.5714569824671332
242,GLY,0.5714285714285714,0.9987610984926698,0.5444444444444445,0.0,0.7348551360842844,0.569897850089994
152,GLN,0.2857142857142857,0.30373735288044595,0.8888888888888888,1.0,0.3687445127304653,0.5694170080428171
262,VAL,0.5714285714285714,0.9120379929795581,0.9666666666666666,0.0,0.38542581211589116,0.5671118086381375
26,GLU,0.2857142857142857,0.8651662192855667,0.8888888888888888,0.4,0.392449517120281,0.5664437822018045
370,TYR,0.42857142857142855,0.6062358042535618,0.6444444444444444,1.0,0.15013169446883237,0.5658766743476535
372,TYR,0.2857142857142857,0.7462316745818707,0.6444444444444444,1.0,0.15013169446883237,0.5653044198418866
327,ALA,0.7142857142857143,0.7988849886434028,0.7,0.0,0.611062335381914,0.5648466076622063
330,GLY,0.5714285714285714,0.9679950443939707,0.5444444444444445,0.0,0.7348551360842844,0.5637446392702543
4,ASN,0.42857142857142855,0,0.8888888888888888,1.0,0.49912203687445134,0.5633164708669538
12,SER,0.2857142857142857,0.32892835019615935,0.5888888888888889,1.0,0.6093064091308166,0.5625675867860301
333,GLY,0.5714285714285714,0.9620070204418748,0.5444444444444445,0.0,0.7348551360842844,0.5625470344798351
150,ASP,0.2857142857142857,0.7210406772661574,0.8888888888888888,0.4,0.5122914837576822,0.5615870671254029
302,GLY,0.5714285714285714,0.9539541606442288,0.5444444444444445,0.0,0.7348551360842844,0.5609364625203059
310,ALA,0.5714285714285714,0.9215362378690894,0.7,0.0,0.611062335381914,0.5608054289359149
64,TYR,0.2857142857142857,0.7228990295271526,0.6444444444444444,1.0,0.15013169446883237,0.5606378908309431
300,ARG,0.2857142857142857,0.8697088581457774,1.0,0.4,0.23880597014925375,0.5588458228018633
95,ALA,0.5714285714285714,0.9010943629981416,0.7,0.0,0.611062335381914,0.5567170539617253
35,HIS,0.2857142857142857,0.30889944249432166,0.8555555555555556,1.0,0.3274802458296752,0.5555299059187677
164,ASP,0.2857142857142857,0.6846995663844724,0.8888888888888888,0.4,0.5122914837576822,0.5543188449490659
233,HIS,0.2857142857142857,0.3002271319430105,0.8555555555555556,1.0,0.3274802458296752,0.5537954438085054
168,ALA,0.5714285714285714,0.8785876522816436,0.7,0.0,0.611062335381914,0.5522157118184258
47,ASP,0.2857142857142857,0.674168903572166,0.8888888888888888,0.4,0.5122914837576822,0.5522127123866045
367,ASP,0.42857142857142855,0.5298368779682014,0.8888888888888888,0.4,0.5122914837576822,0.5519177358372402
70,ASP,0.2857142857142857,0.6659095601899648,0.8888888888888888,0.4,0.5122914837576822,0.5505608437101643
156,ASP,0.42857142857142855,0.5215775345860004,0.8888888888888888,0.4,0.5122914837576822,0.5502658671608001
286,ARG,0.2857142857142857,0.8242824695436712,1.0,0.4,0.23880597014925375,0.5497605450814422
247,GLU,0.2857142857142857,0.7809209167871154,0.8888888888888888,0.4,0.392449517120281,0.5495947217021142
48,GLU,0.2857142857142857,0.7805079496180053,0.8888888888888888,0.4,0.392449517120281,0.5495121282682922
374,TYR,0.2857142857142857,0.6576502168077637,0.6444444444444444,1.0,0.15013169446883237,0.5475881282870653
93,PRO,0.5714285714285714,0.9692339459013009,0.6777777777777777,0.0,0.5052677787532924,0.5447416147721885
278,ASP,0.2857142857142857,0.6293619657237249,0.8888888888888888,0.4,0.5122914837576822,0.5432513248169164
373,GLU,0.2857142857142857,0.7470576089200909,0.8888888888888888,0.4,0.392449517120281,0.5428220601287093
259,GLY,0.7142857142857143,0.7195952921742721,0.5444444444444445,0.0,0.7348551360842844,0.5426361173977432
301,ARG,0.2857142857142857,0.7813338839562255,1.0,0.4,0.23880597014925375,0.541170827963953
141,ARG,0.42857142857142855,0.6341110881684906,1.0,0.4,0.23880597014925375,0.5402976973778346
266,GLY,0.42857142857142855,0.993599008878794,0.5444444444444445,0.0,0.7348551360842844,0.5402940035957904
353,GLY,0.42857142857142855,0.9917406566177989,0.5444444444444445,0.0,0.7348551360842844,0.5399223331435914
303,GLU,0.2857142857142857,0.7243444146190378,0.8888888888888888,0.4,0.392449517120281,0.5382794212684987
267,ALA,0.42857142857142855,0.9494115217840181,0.7,0.0,0.611062335381914,0.5378090571474722
18,ASP,0.2857142857142857,0.6008672310551311,0.8888888888888888,0.4,0.5122914837576822,0.5375523778831977
126,GLY,0.5714285714285714,0.8315093950030973,0.5444444444444445,0.0,0.7348551360842844,0.5364475093920795
110,ARG,0.42857142857142855,0.6142886640512079,1.0,0.4,0.23880597014925375,0.536333212554378
314,ASP,0.2857142857142857,0.5899236010737146,0.8888888888888888,0.4,0.5122914837576822,0.5353636518869143
339,ASP,0.2857142857142857,0.5872393144744993,0.8888888888888888,0.4,0.5122914837576822,0.5348267945670713
2,ASN,0.2857142857142857,0,0.8888888888888888,1.0,0.49912203687445134,0.5347450422955252
3,ASN,0.2857142857142857,0,0.8888888888888888,1.0,0.49912203687445134,0.5347450422955252
205,THR,0.2857142857142857,0.31075779475531695,0.5777777777777778,1.0,0.49034240561896403,0.532918452773269
335,TYR,0.42857142857142855,0.43939706793309935,0.6444444444444444,1.0,0.15013169446883237,0.532508927083561
326,LEU,0.5714285714285714,0.8998554614908114,0.9222222222222223,0.0,0.26821773485513617,0.5323447979993483
131,GLU,0.2857142857142857,0.6811893454470369,0.8888888888888888,0.4,0.392449517120281,0.5296484074340986
55,ASP,0.2857142857142857,0.5612223828205658,0.8888888888888888,0.4,0.5122914837576822,0.5296234082362845
317,ALA,0.5714285714285714,0.7619244270080529,0.7,0.0,0.611062335381914,0.5288830667637077
8,TYR,0.2857142857142857,0.563287218666116,0.6444444444444444,1.0,0.15013169446883237,0.5287155286587357
186,LYS,0.2857142857142857,0.7573817881478422,0.9333333333333333,0.4,0.25987708516242325,0.527261298471577
359,ASP,0.2857142857142857,0.5488333677472641,0.8888888888888888,0.4,0.5122914837576822,0.5271456052216242
79,GLU,0.42857142857142855,0.5217840181705554,0.8888888888888888,0.4,0.392449517120281,0.5263387705502308
293,ILE,0.5714285714285714,0.7875283914928763,1.0,0.0,0.26821773485513617,0.5254349395553168
109,ALA,0.42857142857142855,0.8771422671897583,0.7,0.0,0.611062335381914,0.5233552062286202
61,LYS,0.42857142857142855,0.593227338426595,0.9333333333333333,0.4,0.25987708516242325,0.5230018370987561
162,LYS,0.2857142857142857,0.7348750774313442,0.9333333333333333,0.4,0.25987708516242325,0.5227599563282773
148,ALA,0.5714285714285714,0.7288870534792483,0.7,0.0,0.611062335381914,0.5222755920579467
88,PRO,0.42857142857142855,0.9983481313235598,0.6777777777777777,0.0,0.5052677787532924,0.5219930232852117
272,GLU,0.2857142857142857,0.637001858352261,0.8888888888888888,0.4,0.392449517120281,0.5208109100151433
100,ALA,0.5714285714285714,0.7200082593433821,0.7,0.0,0.611062335381914,0.5204998332307734
111,ALA,0.42857142857142855,0.8624819326863513,0.7,0.0,0.611062335381914,0.5204231393279388
183,ARG,0.2857142857142857,0.6770596737559363,1.0,0.4,0.23880597014925375,0.5203159859238952
92,ALA,0.42857142857142855,0.859178195333471,0.7,0.0,0.611062335381914,0.5197623918573627
170,ILE,0.5714285714285714,0.7549039851331818,1.0,0.0,0.26821773485513617,0.5189100582833779
361,LYS,0.5714285714285714,0.429485855874458,0.9333333333333333,0.4,0.25987708516242325,0.5188249691597573
86,LYS,0.42857142857142855,0.5626677679124509,0.9333333333333333,0.4,0.25987708516242325,0.5168899229959272
329,GLY,0.7142857142857143,0.5882717323972744,0.5444444444444445,0.0,0.7348551360842844,0.5163714054423436
51,LYS,0.42857142857142855,0.5531695230229197,0.9333333333333333,0.4,0.25987708516242325,0.514990274018021
16,TYR,0.2857142857142857,0.49328928350196155,0.6444444444444444,1.0,0.15013169446883237,0.5147159416259048
315,VAL,0.42857142857142855,0.792690481106752,0.9666666666666666,0.0,0.38542581211589116,0.5146708776921477
308,ALA,0.2857142857142857,0.9756349370225067,0.7,0.0,0.611062335381914,0.5144823116237413
169,ILE,0.5714285714285714,0.7319843072475738,1.0,0.0,0.26821773485513617,0.5143261227062563
228,GLU,0.5714285714285714,0.31612636795374766,0.8888888888888888,0.4,0.392449517120281,0.5137786690782978
312,GLY,0.2857142857142857,0.9987610984926698,0.5444444444444445,0.0,0.7348551360842844,0.5127549929471369
135,GLY,0.5714285714285714,0.7103035308692959,0.5444444444444445,0.0,0.7348551360842844,0.5122063365653193
65,PRO,0.42857142857142855,0.9370225067107165,0.6777777777777777,0.0,0.5052677787532924,0.509727898362643
237,PRO,0.42857142857142855,0.9361965723724963,0.6777777777777777,0.0,0.5052677787532924,0.509562711494999
319,GLY,0.2857142857142857,0.9803840594672723,0.5444444444444445,0.0,0.7348551360842844,0.5090795851420574
199,GLN,0.2857142857142857,0,0.8888888888888888,1.0,0.3687445127304653,0.508669537466728
309,LEU,0.5714285714285714,0.7809209167871154,0.9222222222222223,0.0,0.26821773485513617,0.5085578890586091
343,LYS,0.42857142857142855,0.519306215155895,0.9333333333333333,0.4,0.25987708516242325,0.508217612444616
179,GLY,0.42857142857142855,0.8323353293413173,0.5444444444444445,0.0,0.7348551360842844,0.508041267688295
298,GLY,0.2857142857142857,0.9750154862688415,0.5444444444444445,0.0,0.7348551360842844,0.5080058705023713
249,ALA,0.2857142857142857,0.9380549246334917,0.7,0.0,0.611062335381914,0.5069663091459383
252,ALA,0.2857142857142857,0.9380549246334917,0.7,0.0,0.611062335381914,0.5069663091459383
275,GLY,0.5714285714285714,0.6836671484616973,0.5444444444444445,0.0,0.7348551360842844,0.5068790600837996
72,GLU,0.2857142857142857,0.5647326037580012,0.8888888888888888,0.4,0.392449517120281,0.5063570590962914
53,ALA,0.5714285714285714,0.6475325211645674,0.7,0.0,0.611062335381914,0.5060046855950106
238,VAL,0.42857142857142855,0.7445798059054305,0.9666666666666666,0.0,0.38542581211589116,0.5050487426518834
98,GLY,0.5714285714285714,0.6731364856493909,0.5444444444444445,0.0,0.7348551360842844,0.5047729275213383
347,ARG,0.2857142857142857,0.5924014040883749,1.0,0.4,0.23880597014925375,0.5033843319903829
224,PRO,0.42857142857142855,0.9015073301672516,0.6777777777777777,0.0,0.5052677787532924,0.50262486305395
149,LYS,0.42857142857142855,0.4901920297336361,0.9333333333333333,0.4,0.25987708516242325,0.5023947753601643
215,TYR,0.2857142857142857,0.42659508569068755,0.6444444444444444,1.0,0.15013169446883237,0.50137710206365
44,ALA,0.42857142857142855,0.7668800330373735,0.7,0.0,0.611062335381914,0.5013027593981432
287,VAL,0.2857142857142857,0.8682634730538923,0.9666666666666666,0.0,0.38542581211589116,0.5012140475101472
334,ALA,0.2857142857142857,0.9072888705347926,0.7,0.0,0.611062335381914,0.5008130983261985
260,ILE,0.42857142857142855,0.8069378484410489,1.0,0.0,0.26821773485513617,0.5007454023735227
82,GLY,0.2857142857142857,0.9341317365269461,0.5444444444444445,0.0,0.7348551360842844,0.4998291205539922
107,GLY,0.42857142857142855,0.7887672930002064,0.5444444444444445,0.0,0.7348551360842844,0.4993276604200728
325,GLY,0.42857142857142855,0.7819533347098906,0.5444444444444445,0.0,0.7348551360842844,0.4979648687620096
243,ILE,0.42857142857142855,0.7912450960148668,1.0,0.0,0.26821773485513617,0.49760685188828635
132,ILE,0.42857142857142855,0.7904191616766467,1.0,0.0,0.26821773485513617,0.49744166502064235
191,TYR,0.2857142857142857,0.40429485855874453,0.6444444444444444,1.0,0.15013169446883237,0.49691705663726143
221,LYS,0.2857142857142857,0.6054098699153417,0.9333333333333333,0.4,0.25987708516242325,0.49686691482507683
161,ALA,0.2857142857142857,0.8874664464175098,0.7,0.0,0.611062335381914,0.4968486135027419
337,VAL,0.42857142857142855,0.7034895725789799,0.9666666666666666,0.0,0.38542581211589116,0.4968306959865933
305,VAL,0.2857142857142857,0.8447243444146191,0.9666666666666666,0.0,0.38542581211589116,0.49650622178229253
33,VAL,0.42857142857142855,0.6993599008878795,0.9666666666666666,0.0,0.38542581211589116,0.4960047616483732
240,VAL,0.42857142857142855,0.6983274829651042,0.9666666666666666,0.0,0.38542581211589116,0.4957982780638181
283,ILE,0.42857142857142855,0.7782366301879,1.0,0.0,0.26821773485513617,0.49500515872289297
71,VAL,0.2857142857142857,0.8327482965104274,0.9666666666666666,0.0,0.38542581211589116,0.4941110122014542
83,HIS,0.2857142857142857,0.0,0.8555555555555556,1.0,0.3274802458296752,0.4937500174199033
250,ASP,0.2857142857142857,0.38096221350402637,0.8888888888888888,0.4,0.5122914837576822,0.49357137437297666
280,LEU,0.2857142857142857,0.9867850505884782,0.9222222222222223,0.0,0.26821773485513617,0.4925878586760245
173,ALA,0.2857142857142857,0.8643402849473467,0.7,0.0,0.611062335381914,0.49222338120870923
136,LEU,0.7142857142857143,0.55523435886847,0.9222222222222223,0.0,0.26821773485513617,0.4919920060463086
112,VAL,0.2857142857142857,0.8193268635143506,0.9666666666666666,0.0,0.38542581211589116,0.4914267256022388
23,TYR,0.2857142857142857,0.362791658063184,0.6444444444444444,1.0,0.15013169446883237,0.4886164165381493
68,ALA,0.2857142857142857,0.8420400578154036,0.7,0.0,0.611062335381914,0.4877633357823207
165,GLY,0.2857142857142857,0.873219079083213,0.5444444444444445,0.0,0.7348551360842844,0.48764658906524555
227,ILE,0.42857142857142855,0.7398306834606648,1.0,0.0,0.26821773485513617,0.48732396937744593
121,ILE,0.42857142857142855,0.7377658476151145,1.0,0.0,0.26821773485513617,0.4869110022083359
256,GLY,0.2857142857142857,0.8655791864546769,0.5444444444444445,0.0,0.7348551360842844,0.4861186105395383
294,VAL,0.42857142857142855,0.6491843898410076,0.9666666666666666,0.0,0.38542581211589116,0.4859696594389988
231,ALA,0.42857142857142855,0.6871773693991328,0.7,0.0,0.611062335381914,0.485362226670495
225,ARG,0.42857142857142855,0.3555647326037579,1.0,0.4,0.23880597014925375,0.4845884262648881
114,GLU,0.2857142857142857,0.45302498451373113,0.8888888888888888,0.4,0.392449517120281,0.48401553524743735
159,ASP,0.2857142857142857,0.3330580218872599,0.8888888888888888,0.4,0.5122914837576822,0.4839905360496234
364,ASP,0.2857142857142857,0.3328515383027049,0.8888888888888888,0.4,0.5122914837576822,0.4839492393327124
96,ALA,0.42857142857142855,0.6793309931860417,0.7,0.0,0.611062335381914,0.4837929514278768
142,TRP,0.7142857142857143,0.7032830889944249,0.6000000000000001,0.4,0.0,0.48351376065602786
257,ALA,0.42857142857142855,0.6766467065868262,0.7,0.0,0.611062335381914,0.4832560941080337
290,ARG,0.2857142857142857,0.48730125954986575,1.0,0.4,0.23880597014925375,0.4823643030826811
285,GLU,0.2857142857142857,0.437538715672104,0.8888888888888888,0.4,0.392449517120281,0.480918281479112
236,LEU,0.42857142857142855,0.7821598182944456,0.9222222222222223,0.0,0.26821773485513617,0.4802342407886465
299,VAL,0.2857142857142857,0.7600660747470577,0.9666666666666666,0.0,0.38542581211589116,0.4795745678487803
328,LEU,0.5714285714285714,0.6355564732603758,0.9222222222222223,0.0,0.26821773485513617,0.47948500035326114
188,LYS,0.2857142857142857,0.5168284121412348,0.9333333333333333,0.4,0.25987708516242325,0.4791506232702554
371,GLY,0.2857142857142857,0.8279991740656617,0.5444444444444445,0.0,0.7348551360842844,0.47860260806173527
254,LYS,0.2857142857142857,0.5083625851744786,0.9333333333333333,0.4,0.25987708516242325,0.47745745787690425
145,ILE,0.2857142857142857,0.8325418129258724,1.0,0.0,0.26821773485513617,0.4772947666990589
52,ARG,0.2857142857142857,0.4600454263886021,1.0,0.4,0.23880597014925375,0.4769131364504283
123,ALA,0.2857142857142857,0.7856700392318811,0.7,0.0,0.611062335381914,0.47648933206561617
322,VAL,0.42857142857142855,0.5994218459632459,0.9666666666666666,0.0,0.38542581211589116,0.47601715066344646
57,ALA,0.2857142857142857,0.7825727854635557,0.7,0.0,0.611062335381914,0.47586988131195107
10,ALA,0.2857142857142857,0.7811274003716704,0.7,0.0,0.611062335381914,0.47558080429357397
369,PRO,0.2857142857142857,0.9068759033656824,0.6777777777777777,0.0,0.5052677787532924,0.47512714912220766
134,GLU,0.2857142857142857,0.40594672723518477,0.8888888888888888,0.4,0.392449517120281,0.4745998837917281
25,LEU,0.42857142857142855,0.7538715672104067,0.9222222222222223,0.0,0.26821773485513617,0.47457659057183876
7,GLU,0.14285714285714285,0.5356184183357423,0.8888888888888888,0.4,0.392449517120281,0.47196279344041103
292,PRO,0.42857142857142855,0.747883543258311,0.6777777777777777,0.0,0.5052677787532924,0.47190010567216195
87,ALA,0.5714285714285714,0.4761511459838943,0.7,0.0,0.611062335381914,0.47172841055887593
349,MET,0.42857142857142855,0.9242205244683047,0.7111111111111111,0.0,0.2848990342405619,0.46976041967828125
282,ALA,0.2857142857142857,0.7499483791038611,0.7,0.0,0.611062335381914,0.4693450000400121
43,GLY,0.2857142857142857,0.7813338839562255,0.5444444444444445,0.0,0.7348551360842844,0.46926955003984805
59,LYS,0.2857142857142857,0.46685938467891797,0.9333333333333333,0.4,0.25987708516242325,0.4691568177777921
351,LEU,0.2857142857142857,0.867231055131117,0.9222222222222223,0.0,0.26821773485513617,0.46867705958455225
157,ILE,0.42857142857142855,0.6417509807970265,1.0,0.0,0.26821773485513617,0.4677080288447183
171,LEU,0.42857142857142855,0.7148461697295064,0.9222222222222223,0.0,0.26821773485513617,0.46677151107565873
139,GLY,0.42857142857142855,0.622548007433409,0.5444444444444445,0.0,0.7348551360842844,0.46608380330671334
270,LEU,0.2857142857142857,0.8496799504439397,0.9222222222222223,0.0,0.26821773485513617,0.46516683864711683
284,ALA,0.2857142857142857,0.7233119966962626,0.7,0.0,0.611062335381914,0.46401772355849247
155,ARG,0.2857142857142857,0.39335122857732807,1.0,0.4,0.23880597014925375,0.46357429688817353
15,LYS,0.2857142857142857,0.43877761717943425,0.9333333333333333,0.4,0.25987708516242325,0.46354046427789536
46,GLY,0.2857142857142857,0.7518067313648565,0.5444444444444445,0.0,0.7348551360842844,0.46336411952157425
273,ALA,0.2857142857142857,0.7169110055750568,0.7,0.0,0.611062335381914,0.4627375253342513
365,LEU,0.2857142857142857,0.837497418955193,0.9222222222222223,0.0,0.26821773485513617,0.46273033234936745
94,ILE,0.2857142857142857,0.7584142060706174,1.0,0.0,0.26821773485513617,0.46246924532800787
84,LYS,0.42857142857142855,0.2882510840388189,0.9333333333333333,0.4,0.25987708516242325,0.46200658622120083
291,VAL,0.42857142857142855,0.5277720421226513,0.9666666666666666,0.0,0.38542581211589116,0.4616871898953276
37,GLY,0.42857142857142855,0.5979764608713607,0.5444444444444445,0.0,0.7348551360842844,0.4611694939943037
230,ILE,0.2857142857142857,0.7460251909973157,1.0,0.0,0.26821773485513617,0.45999144231334754
166,ALA,0.42857142857142855,0.5587445798059054,0.7,0.0,0.611062335381914,0.4596756687518496
261,TRP,0.5714285714285714,0.7156721040677265,0.6000000000000001,0.4,0.0,0.45742013509925966
345,LEU,0.42857142857142855,0.6667354945281849,0.9222222222222223,0.0,0.26821773485513617,0.4571493760353944
358,GLU,0.2857142857142857,0.29981416477390044,0.8888888888888888,0.4,0.392449517120281,0.45337337129947125
255,ARG,0.2857142857142857,0.3404914309312409,1.0,0.4,0.23880597014925375,0.4530023373589561
321,PRO,0.2857142857142857,0.7885608094156514,0.6777777777777777,0.0,0.5052677787532924,0.4514641303322015
289,LYS,0.2857142857142857,0.37621309105926076,0.9333333333333333,0.4,0.25987708516242325,0.45102755905386066
143,PHE,0.5714285714285714,0.7026636382407598,0.8111111111111111,0.0,0.16637401229148377,0.45031546661438526
56,ARG,0.2857142857142857,0.3210819739830683,1.0,0.4,0.23880597014925375,0.44912044596932155
74,PRO,0.42857142857142855,0.6318397687383852,0.6777777777777777,0.0,0.5052677787532924,0.4486913507681768
63,LEU,0.2857142857142857,0.7668800330373735,0.9222222222222223,0.0,0.26821773485513617,0.44860685516580356
90,ILE,0.42857142857142855,0.5459425975634936,1.0,0.0,0.26821773485513617,0.4485463521980117
222,ILE,0.2857142857142857,0.6861449514763577,1.0,0.0,0.26821773485513617,0.44801539440915594
41,ILE,0.2857142857142857,0.673549452818501,1.0,0.0,0.26821773485513617,0.44549629467758456
348,VAL,0.2857142857142857,0.5884782159818294,0.9666666666666666,0.0,0.38542581211589116,0.4452569960957346
13,GLU,0.2857142857142857,0.252322940326244,0.8888888888888888,0.4,0.392449517120281,0.44387512640994
99,LEU,0.2857142857142857,0.7423084864753252,0.9222222222222223,0.0,0.26821773485513617,0.4436925458533939
20,VAL,0.2857142857142857,0.5729919471402023,0.9666666666666666,0.0,0.38542581211589116,0.4421597423274092
338,LEU,0.2857142857142857,0.7321907908321288,0.9222222222222223,0.0,0.26821773485513617,0.4416690067247546
158,LEU,0.2857142857142857,0.7288870534792483,0.9222222222222223,0.0,0.26821773485513617,0.4410082592541785
360,LEU,0.2857142857142857,0.7284740863101382,0.9222222222222223,0.0,0.26821773485513617,0.4409256658203565
239,PHE,0.5714285714285714,0.6545529630394383,0.8111111111111111,0.0,0.16637401229148377,0.44069333157412094
323,LEU,0.2857142857142857,0.7148461697295064,0.9222222222222223,0.0,0.26821773485513617,0.43820008250423015
106,ALA,0.5714285714285714,0.30497625438777615,0.7,0.0,0.611062335381914,0.4374934322396523
81,LEU,0.2857142857142857,0.7100970472847409,0.9222222222222223,0.0,0.26821773485513617,0.43725025801527706
42,ALA,0.2857142857142857,0.5831096427833987,0.7,0.0,0.611062335381914,0.4359772527759197
232,GLY,0.42857142857142855,0.47140202353912863,0.5444444444444445,0.0,0.7348551360842844,0.43585460652785724
31,LYS,0.2857142857142857,0.2989882304356803,0.9333333333333333,0.4,0.25987708516242325,0.43558258692914453
177,VAL,0.2857142857142857,0.5391286392731778,0.9666666666666666,0.0,0.38542581211589116,0.4353870807540043
80,ILE,0.2857142857142857,0.622548007433409,1.0,0.0,0.26821773485513617,0.4352960056005662
306,ALA,0.2857142857142857,0.578567003923188,0.7,0.0,0.611062335381914,0.4350687250038775
331,TRP,0.5714285714285714,0.6031385504852363,0.6000000000000001,0.4,0.0,0.4349134243827616
198,VAL,0.2857142857142857,0.5321081973983068,0.9666666666666666,0.0,0.38542581211589116,0.4339829923790301
67,LEU,0.2857142857142857,0.6935783605203386,0.9222222222222223,0.0,0.26821773485513617,0.4339465206623966
119,MET,0.42857142857142855,0.7441668387363204,0.7111111111111111,0.0,0.2848990342405619,0.4337496825318844
246,PRO,0.42857142857142855,0.5432583109642783,0.6777777777777777,0.0,0.5052677787532924,0.43097505921335544
253,ILE,0.42857142857142855,0.45447036960561626,1.0,0.0,0.26821773485513617,0.4302519066064362
357,VAL,0.2857142857142857,0.5108403881891389,0.9666666666666666,0.0,0.38542581211589116,0.42972943053719653
19,VAL,0.2857142857142857,0.5083625851744786,0.9666666666666666,0.0,0.38542581211589116,0.42923386993426443
185,VAL,0.2857142857142857,0.5081561015899235,0.9666666666666666,0.0,0.38542581211589116,0.42919257321735343
116,GLY,0.2857142857142857,0.5800123890150732,0.5444444444444445,0.0,0.7348551360842844,0.4290052510516176
85,ILE,0.42857142857142855,0.44662399339252523,1.0,0.0,0.26821773485513617,0.428682631363818
62,LEU,0.42857142857142855,0.5201321494941151,0.9222222222222223,0.0,0.26821773485513617,0.42782870702858045
27,GLU,0.42857142857142855,0.025810448069378485,0.8888888888888888,0.4,0.392449517120281,0.42714405652999543
295,PHE,0.5714285714285714,0.5837290935370638,0.8111111111111111,0.0,0.16637401229148377,0.42652855767364606
274,PRO,0.2857142857142857,0.6634317571753044,0.6777777777777777,0.0,0.5052677787532924,0.42643831988413206
318,LEU,0.2857142857142857,0.6547594466239933,0.9222222222222223,0.0,0.26821773485513617,0.42618273788312755
118,ILE,0.2857142857142857,0.5769151352467478,1.0,0.0,0.26821773485513617,0.4261694311632339
281,PRO,0.2857142857142857,0.6547594466239933,0.6777777777777777,0.0,0.5052677787532924,0.4247038577738698
190,VAL,0.42857142857142855,0.32149494115217836,0.9666666666666666,0.0,0.38542581211589116,0.42043176970123297
324,PHE,0.42857142857142855,0.6917200082593433,0.8111111111111111,0.0,0.16637401229148377,0.4195553120466734
11,PRO,0.42857142857142855,0.4852364237043154,0.6777777777777777,0.0,0.5052677787532924,0.41937068176136283
207,GLU,0.2857142857142857,0.12492256865579186,0.8888888888888888,0.4,0.392449517120281,0.41839505207584954
341,PHE,0.2857142857142857,0.8242824695436712,0.8111111111111111,0.0,0.16637401229148377,0.4174963757321104
201,TYR,0.2857142857142857,0,0.6444444444444444,1.0,0.15013169446883237,0.41605808492551255
32,VAL,0.2857142857142857,0.4420813545323147,0.9666666666666666,0.0,0.38542581211589116,0.41597762380583164
197,ILE,0.2857142857142857,0.5096014866818088,1.0,0.0,0.26821773485513617,0.4127067014502461
216,GLY,0.42857142857142855,0.34998967582077223,0.5444444444444445,0.0,0.7348551360842844,0.411572136984186
36,GLY,0.2857142857142857,0.4883336774726409,0.5444444444444445,0.0,0.7348551360842844,0.41066950874313113
214,ILE,0.2857142857142857,0.4897790625645261,1.0,0.0,0.26821773485513617,0.4087422166267896
91,MET,0.2857142857142857,0.7408631013834399,0.7111111111111111,0.0,0.2848990342405619,0.4045175064898797
192,PRO,0.2857142857142857,0.5525500722692546,0.6777777777777777,0.0,0.5052677787532924,0.4042619829029221
127,ALA,0.2857142857142857,0.4228783811686971,0.7,0.0,0.611062335381914,0.40393100045297936
189,PHE,0.42857142857142855,0.6130497625438778,0.8111111111111111,0.0,0.16637401229148377,0.4038212629035802
89,PHE,0.42857142857142855,0.607681189345447,0.8111111111111111,0.0,0.16637401229148377,0.40274754826389414
208,GLY,0.2857142857142857,0.42638860210613244,0.5444444444444445,0.0,0.7348551360842844,0.3982804936698294
211,LEU,0.2857142857142857,0.5069172000825934,0.9222222222222223,0.0,0.26821773485513617,0.39661428857484754
206,ALA,0.2857142857142857,0.370638034276275,0.7,0.0,0.611062335381914,0.39348293107449495
277,PHE,0.2857142857142857,0.7024571546562047,0.8111111111111111,0.0,0.16637401229148377,0.3931313127546171
34,PRO,0.2857142857142857,0.4914309312409663,0.6777777777777777,0.0,0.5052677787532924,0.39203815469726444
58,TRP,0.2857142857142857,0.673549452818501,0.6000000000000001,0.4,0.0,0.39185274770655737
5,ASP,0.14285714285714285,0,0.8888888888888888,0.4,0.5122914837576822,0.3888075031007428
217,ALA,0.2857142857142857,0.3415238488540161,0.7,0.0,0.611062335381914,0.3876600939900432
147,MET,0.2857142857142857,0.6555853809622135,0.7111111111111111,0.0,0.2848990342405619,0.3874619624056344
200,ARG,0.2857142857142857,0,1.0,0.4,0.23880597014925375,0.38490405117270793
203,ARG,0.2857142857142857,0,1.0,0.4,0.23880597014925375,0.38490405117270793
194,GLY,0.2857142857142857,0.33739417716291553,0.5444444444444445,0.0,0.7348551360842844,0.3804816086811861
209,MET,0.2857142857142857,0.6052033863307867,0.7111111111111111,0.0,0.2848990342405619,0.3773855634793491
195,MET,0.42857142857142855,0.46169729506504226,0.7111111111111111,0.0,0.2848990342405619,0.3772557737976288
251,MET,0.42857142857142855,0.45777410695849674,0.7111111111111111,0.0,0.2848990342405619,0.37647113617631967
140,PRO,0.2857142857142857,0.4092504645880652,0.6777777777777777,0.0,0.5052677787532924,0.3756020613666842
73,ALA,0.2857142857142857,0.2626471195539954,0.7,0.0,0.611062335381914,0.371884748130039
129,PHE,0.2857142857142857,0.5952921742721454,0.8111111111111111,0.0,0.16637401229148377,0.3716983166778052
38,PHE,0.42857142857142855,0.4282469543671278,0.8111111111111111,0.0,0.16637401229148377,0.3668607012682302
235,GLY,0.2857142857142857,0.2682221763369812,0.5444444444444445,0.0,0.7348551360842844,0.3666472085159992
138,GLY,0.2857142857142857,0.2645054718149907,0.5444444444444445,0.0,0.7348551360842844,0.3659038676116011
115,PHE,0.2857142857142857,0.55523435886847,0.8111111111111111,0.0,0.16637401229148377,0.36368675359707014
14,ILE,0.2857142857142857,0.2477803014660334,1.0,0.0,0.26821773485513617,0.36034246440709106
363,LEU,0.2857142857142857,0.32417922775139374,0.9222222222222223,0.0,0.26821773485513617,0.3600666941086076
362,GLY,0.2857142857142857,0.23311996696262646,0.5444444444444445,0.0,0.7348551360842844,0.35962676664112825
196,PRO,0.2857142857142857,0.31240966343175713,0.6777777777777777,0.0,0.5052677787532924,0.3562339011354226
366,PHE,0.42857142857142855,0.3423497831922362,0.8111111111111111,0.0,0.16637401229148377,0.349681267033252
49,TRP,0.2857142857142857,0.40532727648151967,0.6000000000000001,0.4,0.0,0.3382083124391611
17,ILE,0.2857142857142857,0.09869915341730327,1.0,0.0,0.26821773485513617,0.33052623479734505
204,GLY,0.2857142857142857,0,0.5444444444444445,0.0,0.7348551360842844,0.31300277324860293
193,PHE,0.2857142857142857,0.24654139995870322,0.8111111111111111,0.0,0.16637401229148377,0.30194816181511674
202,LEU,0.2857142857142857,0,0.9222222222222223,0.0,0.26821773485513617,0.2952308485583288
6,ILE,0.14285714285714285,0,1.0,0.0,0.26821773485513617,0.28221497554245584
1,MET,0.2857142857142857,0,0.7111111111111111,0.0,0.2848990342405619,0.25634488621319174
802,PYR,0.0,0,0,0,0,0.0
