residue_id,residue_name,conservation_score,neighbour_count,neighbours,hydrophobicity,volume,proton_donor,binding
1,MET,,1,[2],1.9,162.9,0.0,N
2,ALA,,2,"[1, 3]",1.8,88.6,0.0,N
3,ALA,,2,"[2, 4]",1.8,88.6,0.0,N
4,HIS,,2,"[3, 5]",-3.2,153.2,2.5,N
5,LEU,,2,"[4, 6]",3.8,166.7,0.0,N
6,LEU,,2,"[5, 7]",3.8,166.7,0.0,N
7,PRO,,2,"[6, 8]",-1.6,112.7,0.0,N
8,ILE,,2,"[7, 9]",4.5,166.7,0.0,N
9,CYS,,2,"[8, 10]",2.5,108.5,0.0,N
10,ALA,,2,"[9, 11]",1.8,88.6,0.0,N
11,LEU,,2,"[10, 12]",3.8,166.7,0.0,N
12,PHE,,2,"[11, 13]",2.8,189.9,0.0,N
13,LEU,,2,"[12, 14]",3.8,166.7,0.0,N
14,THR,,2,"[13, 15]",-0.7,116.1,2.5,N
15,LEU,,2,"[14, 16]",3.8,166.7,0.0,N
16,LEU,,2,"[15, 17]",3.8,166.7,0.0,N
17,ASP,,2,"[16, 18]",-3.5,111.1,1.0,N
18,MET,,2,"[17, 19]",1.9,162.9,0.0,N
19,ALA,,2,"[18, 20]",1.8,88.6,0.0,N
20,GLN,0.156,1,[21],-3.5,143.8,2.5,N
21,GLY,0.634,2,"[20, 22]",-0.4,60.4,0.0,N
22,PHE,0.351,2,"[21, 23]",2.8,189.9,0.0,N
23,ARG,0.067,2,"[22, 24]",-4.5,173.4,1.0,N
24,GLY,1.175,3,"[23, 25, 421]",-0.4,60.4,0.0,N
25,PRO,-1.399,3,"[24, 26, 31]",-1.6,112.7,0.0,N
26,LEU,0.437,2,"[25, 27]",3.8,166.7,0.0,N
27,LEU,0.607,2,"[26, 28]",3.8,166.7,0.0,N
28,PRO,1.145,2,"[27, 29]",-1.6,112.7,0.0,N
29,ASN,0.598,2,"[28, 30]",-3.5,114.1,2.5,N
30,ARG,0.229,2,"[29, 31]",-4.5,173.4,1.0,N
31,PRO,-0.712,3,"[25, 30, 32]",-1.6,112.7,0.0,N
32,PHE,-1.189,4,"[31, 33, 316, 317]",2.8,189.9,0.0,N
33,THR,0.589,3,"[32, 34, 317]",-0.7,116.1,2.5,N
34,THR,-0.673,2,"[33, 35]",-0.7,116.1,2.5,N
35,VAL,-0.189,4,"[34, 36, 58, 319]",4.2,140.0,0.0,N
36,TRP,-1.461,3,"[35, 37, 59]",-0.9,227.8,1.0,N
37,ASN,-1.384,4,"[36, 38, 60, 321]",-3.5,114.1,2.5,N
38,ALA,-0.576,3,"[37, 39, 322]",1.8,88.6,0.0,N
39,ASN,-1.16,2,"[38, 40]",-3.5,114.1,2.5,N
40,THR,-0.894,3,"[39, 41, 43]",-0.7,116.1,2.5,N
41,GLN,0.209,2,"[40, 42]",-3.5,143.8,2.5,N
42,TRP,0.7,2,"[41, 43]",-0.9,227.8,1.0,N
43,CYS,-1.487,3,"[40, 42, 44]",2.5,108.5,0.0,N
44,LEU,1.225,4,"[43, 45, 48, 49]",3.8,166.7,0.0,N
45,GLU,1.881,2,"[44, 46]",-3.5,138.4,1.0,N
46,ARG,0.598,2,"[45, 47]",-4.5,173.4,1.0,N
47,HIS,0.266,2,"[46, 48]",-3.2,153.2,2.5,N
48,GLY,0.521,3,"[44, 47, 49]",-0.4,60.4,0.0,N
49,VAL,-0.322,3,"[44, 48, 50]",4.2,140.0,0.0,N
50,ASP,0.796,2,"[49, 51]",-3.5,111.1,1.0,N
51,VAL,-0.533,3,"[50, 52, 337]",4.2,140.0,0.0,N
52,ASP,-0.535,2,"[51, 53]",-3.5,111.1,1.0,N
53,VAL,-0.297,2,"[52, 54]",4.2,140.0,0.0,N
54,SER,0.949,2,"[53, 55]",-0.8,89.0,2.5,N
55,VAL,1.168,2,"[54, 56]",4.2,140.0,0.0,N
56,PHE,-0.688,2,"[55, 57]",2.8,189.9,0.0,N
57,ASP,0.08,2,"[56, 58]",-3.5,111.1,1.0,N
58,VAL,-0.883,3,"[35, 57, 59]",4.2,140.0,0.0,N
59,VAL,0.285,3,"[36, 58, 60]",4.2,140.0,0.0,N
60,ALA,0.049,3,"[37, 59, 61]",1.8,88.6,0.0,N
61,ASN,-1.311,2,"[60, 62]",-3.5,114.1,2.5,N
62,PRO,0.921,2,"[61, 63]",-1.6,112.7,0.0,N
63,GLY,0.358,2,"[62, 64]",-0.4,60.4,0.0,N
64,GLN,-0.55,2,"[63, 65]",-3.5,143.8,2.5,N
65,THR,1.181,2,"[64, 66]",-0.7,116.1,2.5,N
66,PHE,-0.637,2,"[65, 67]",2.8,189.9,0.0,N
67,ARG,0.491,2,"[66, 68]",-4.5,173.4,1.0,N
68,GLY,-0.709,2,"[67, 69]",-0.4,60.4,0.0,N
69,PRO,-0.564,2,"[68, 70]",-1.6,112.7,0.0,N
70,ASP,-0.213,3,"[69, 71, 124]",-3.5,111.1,1.0,N
71,MET,-0.555,4,"[70, 72, 124, 125]",1.9,162.9,0.0,N
72,THR,-0.723,3,"[71, 73, 126]",-0.7,116.1,2.5,N
73,ILE,-0.832,3,"[72, 74, 127]",4.5,166.7,0.0,N
74,PHE,-1.082,3,"[73, 75, 128]",2.8,189.9,0.0,N
75,TYR,-1.419,2,"[74, 76]",-1.3,193.6,2.5,N
76,SER,-0.126,2,"[75, 77]",-0.8,89.0,2.5,N
77,SER,-0.056,2,"[76, 78]",-0.8,89.0,2.5,N
78,GLN,-0.154,2,"[77, 79]",-3.5,143.8,2.5,N
79,LEU,-0.903,2,"[78, 80]",3.8,166.7,0.0,N
80,GLY,-1.4,5,"[79, 81, 105, 108, 109]",-0.4,60.4,0.0,N
81,THR,0.287,3,"[80, 82, 105]",-0.7,116.1,2.5,N
82,TYR,-0.878,2,"[81, 83]",-1.3,193.6,2.5,N
83,PRO,-1.494,4,"[82, 84, 93, 95]",-1.6,112.7,0.0,N
84,TYR,-0.183,3,"[83, 85, 95]",-1.3,193.6,2.5,N
85,TYR,-0.003,3,"[84, 86, 91]",-1.3,193.6,2.5,N
86,THR,0.457,2,"[85, 87]",-0.7,116.1,2.5,N
87,PRO,1.699,2,"[86, 88]",-1.6,112.7,0.0,N
88,THR,0.521,2,"[87, 89]",-0.7,116.1,2.5,N
89,GLY,0.796,2,"[88, 90]",-0.4,60.4,0.0,N
90,GLU,1.238,2,"[89, 91]",-3.5,138.4,1.0,N
91,PRO,1.128,4,"[85, 90, 92, 95]",-1.6,112.7,0.0,N
92,VAL,-0.048,2,"[91, 93]",4.2,140.0,0.0,N
93,PHE,-0.899,3,"[83, 92, 94]",2.8,189.9,0.0,N
94,GLY,-1.268,3,"[93, 95, 100]",-0.4,60.4,0.0,N
95,GLY,-1.363,5,"[83, 84, 91, 94, 96]",-0.4,60.4,0.0,N
96,LEU,-0.575,2,"[95, 97]",3.8,166.7,0.0,N
97,PRO,-1.399,2,"[96, 98]",-1.6,112.7,0.0,N
98,GLN,-1.494,2,"[97, 99]",-3.5,143.8,2.5,N
99,ASN,-0.128,2,"[98, 100]",-3.5,114.1,2.5,N
100,ALA,0.22,3,"[94, 99, 101]",1.8,88.6,0.0,N
101,SER,-0.695,2,"[100, 102]",-0.8,89.0,2.5,N
102,LEU,-0.755,3,"[101, 103, 105]",3.8,166.7,0.0,N
103,ILE,1.175,2,"[102, 104]",4.5,166.7,0.0,N
104,ALA,1.236,2,"[103, 105]",1.8,88.6,0.0,N
105,HIS,-1.419,5,"[80, 81, 102, 104, 106]",-3.2,153.2,2.5,N
106,LEU,-0.787,3,"[105, 107, 109]",3.8,166.7,0.0,N
107,ALA,1.392,2,"[106, 108]",1.8,88.6,0.0,N
108,ARG,-0.016,3,"[80, 107, 109]",-4.5,173.4,1.0,N
109,THR,-0.358,5,"[80, 106, 108, 110, 112]",-0.7,116.1,2.5,N
110,PHE,1.501,2,"[109, 111]",2.8,189.9,0.0,N
111,GLN,1.672,2,"[110, 112]",-3.5,143.8,2.5,N
112,ASP,-0.679,3,"[109, 111, 113]",-3.5,111.1,1.0,N
113,ILE,-0.601,2,"[112, 114]",4.5,166.7,0.0,N
114,LEU,1.645,2,"[113, 115]",3.8,166.7,0.0,N
115,ALA,1.325,2,"[114, 116]",1.8,88.6,0.0,N
116,ALA,0.964,2,"[115, 117]",1.8,88.6,0.0,N
117,ILE,-0.769,2,"[116, 118]",4.5,166.7,0.0,N
118,PRO,-0.351,2,"[117, 119]",-1.6,112.7,0.0,N
119,ALA,0.714,2,"[118, 120]",1.8,88.6,0.0,N
120,PRO,1.675,2,"[119, 121]",-1.6,112.7,0.0,N
121,ASP,0.634,2,"[120, 122]",-3.5,111.1,1.0,N
122,PHE,-0.447,2,"[121, 123]",2.8,189.9,0.0,N
123,SER,0.878,4,"[122, 124, 196, 197]",-0.8,89.0,2.5,N
124,GLY,-1.332,4,"[70, 71, 123, 125]",-0.4,60.4,0.0,N
125,LEU,-0.883,4,"[71, 124, 126, 198]",3.8,166.7,0.0,N
126,ALA,-0.886,4,"[72, 125, 127, 199]",1.8,88.6,0.0,N
127,VAL,-1.058,3,"[73, 126, 128]",4.2,140.0,0.0,N
128,ILE,-1.14,4,"[74, 127, 129, 201]",4.5,166.7,0.0,N
129,ASP,-1.381,2,"[128, 130]",-3.5,111.1,1.0,N
130,TRP,-1.057,2,"[129, 131]",-0.9,227.8,1.0,N
131,GLU,-1.343,2,"[130, 132]",-3.5,138.4,1.0,N
132,ALA,-0.382,2,"[131, 133]",1.8,88.6,0.0,N
133,TRP,-1.393,2,"[132, 134]",-0.9,227.8,1.0,N
134,ARG,-0.841,2,"[133, 135]",-4.5,173.4,1.0,N
135,PRO,-1.318,2,"[134, 136]",-1.6,112.7,0.0,N
136,ARG,-0.497,2,"[135, 137]",-4.5,173.4,1.0,N
137,TRP,-0.756,2,"[136, 138]",-0.9,227.8,1.0,N
138,ALA,0.337,2,"[137, 139]",1.8,88.6,0.0,N
139,PHE,-0.795,2,"[138, 140]",2.8,189.9,0.0,N
140,ASN,-1.43,3,"[139, 141, 144]",-3.5,114.1,2.5,N
141,TRP,-0.246,3,"[140, 142, 145]",-0.9,227.8,1.0,N
142,ASP,0.539,2,"[141, 143]",-3.5,111.1,1.0,N
143,THR,0.676,2,"[142, 144]",-0.7,116.1,2.5,N
144,LYS,-0.934,3,"[140, 143, 145]",-3.9,168.6,1.0,N
145,ASP,1.269,3,"[141, 144, 146]",-3.5,111.1,1.0,N
146,ILE,-0.433,3,"[145, 147, 149]",4.5,166.7,0.0,N
147,TYR,-1.397,2,"[146, 148]",-1.3,193.6,2.5,N
148,ARG,-0.163,3,"[147, 149, 151]",-4.5,173.4,1.0,N
149,GLN,1.119,3,"[146, 148, 150]",-3.5,143.8,2.5,N
150,ARG,0.485,3,"[149, 151, 153]",-4.5,173.4,1.0,N
151,SER,-1.381,3,"[148, 150, 152]",-0.8,89.0,2.5,N
152,ARG,0.271,2,"[151, 153]",-4.5,173.4,1.0,N
153,ALA,0.567,4,"[150, 152, 154, 156]",1.8,88.6,0.0,N
154,LEU,-0.328,2,"[153, 155]",3.8,166.7,0.0,N
155,VAL,-0.549,3,"[154, 156, 158]",4.2,140.0,0.0,N
156,GLN,0.515,3,"[153, 155, 157]",-3.5,143.8,2.5,N
157,ALA,0.831,2,"[156, 158]",1.8,88.6,0.0,N
158,GLN,0.828,3,"[155, 157, 159]",-3.5,143.8,2.5,N
159,HIS,-0.576,2,"[158, 160]",-3.2,153.2,2.5,N
160,PRO,-0.132,2,"[159, 161]",-1.6,112.7,0.0,N
161,ASP,1.049,2,"[160, 162]",-3.5,111.1,1.0,N
162,TRP,-0.112,2,"[161, 163]",-0.9,227.8,1.0,N
163,PRO,0.083,2,"[162, 164]",-1.6,112.7,0.0,N
164,ALA,1.743,2,"[163, 165]",1.8,88.6,0.0,N
165,PRO,1.588,2,"[164, 166]",-1.6,112.7,0.0,N
166,GLN,0.728,2,"[165, 167]",-3.5,143.8,2.5,N
167,VAL,-0.406,2,"[166, 168]",4.2,140.0,0.0,N
168,GLU,0.8,3,"[167, 169, 171]",-3.5,138.4,1.0,N
169,ALA,1.296,2,"[168, 170]",1.8,88.6,0.0,N
170,VAL,0.996,2,"[169, 171]",4.2,140.0,0.0,N
171,ALA,-1.311,3,"[168, 170, 172]",1.8,88.6,0.0,N
172,GLN,0.022,2,"[171, 173]",-3.5,143.8,2.5,N
173,ASP,1.334,2,"[172, 174]",-3.5,111.1,1.0,N
174,GLN,-0.403,2,"[173, 175]",-3.5,143.8,2.5,N
175,PHE,-1.083,2,"[174, 176]",2.8,189.9,0.0,N
176,GLN,-1.231,2,"[175, 177]",-3.5,143.8,2.5,N
177,GLY,1.298,2,"[176, 178]",-0.4,60.4,0.0,N
178,ALA,-0.677,2,"[177, 179]",1.8,88.6,0.0,N
179,ALA,-1.103,2,"[178, 180]",1.8,88.6,0.0,N
180,ARG,0.02,2,"[179, 181]",-4.5,173.4,1.0,N
181,ALA,1.32,2,"[180, 182]",1.8,88.6,0.0,N
182,TRP,-0.433,2,"[181, 183]",-0.9,227.8,1.0,N
183,MET,-1.109,2,"[182, 184]",1.9,162.9,0.0,N
184,ALA,0.179,2,"[183, 185]",1.8,88.6,0.0,N
185,GLY,0.612,3,"[184, 186, 188]",-0.4,60.4,0.0,N
186,THR,-1.299,2,"[185, 187]",-0.7,116.1,2.5,N
187,LEU,-1.008,3,"[186, 188, 190]",3.8,166.7,0.0,N
188,GLN,0.619,3,"[185, 187, 189]",-3.5,143.8,2.5,N
189,LEU,0.107,3,"[188, 190, 192]",3.8,166.7,0.0,N
190,GLY,-0.542,3,"[187, 189, 191]",-0.4,60.4,0.0,N
191,ARG,0.015,4,"[190, 192, 194, 195]",-4.5,173.4,1.0,N
192,ALA,1.3,3,"[189, 191, 193]",1.8,88.6,0.0,N
193,LEU,0.183,2,"[192, 194]",3.8,166.7,0.0,N
194,ARG,-1.081,3,"[191, 193, 195]",-4.5,173.4,1.0,N
195,PRO,-1.319,3,"[191, 194, 196]",-1.6,112.7,0.0,N
196,ARG,0.721,3,"[123, 195, 197]",-4.5,173.4,1.0,N
197,GLY,-0.502,3,"[123, 196, 198]",-0.4,60.4,0.0,N
198,LEU,0.044,4,"[125, 197, 199, 240]",3.8,166.7,0.0,N
199,TRP,-1.466,4,"[126, 198, 200, 240]",-0.9,227.8,1.0,N
200,GLY,-1.339,2,"[199, 201]",-0.4,60.4,0.0,N
201,PHE,-0.515,3,"[128, 200, 202]",2.8,189.9,0.0,N
202,TYR,-1.314,2,"[201, 203]",-1.3,193.6,2.5,N
203,GLY,-0.5,4,"[202, 204, 244, 245]",-0.4,60.4,0.0,N
204,PHE,-0.639,3,"[203, 205, 244]",2.8,189.9,0.0,N
205,PRO,-1.495,2,"[204, 206]",-1.6,112.7,0.0,N
206,ASP,-0.253,2,"[205, 207]",-3.5,111.1,1.0,N
207,CYS,-1.365,3,"[206, 208, 221]",2.5,108.5,0.0,N
208,TYR,-0.594,2,"[207, 209]",-1.3,193.6,2.5,N
209,ASN,-1.364,2,"[208, 210]",-3.5,114.1,2.5,N
210,TYR,-0.136,2,"[209, 211]",-1.3,193.6,2.5,N
211,ASP,0.416,2,"[210, 212]",-3.5,111.1,1.0,N
212,PHE,-0.157,2,"[211, 213]",2.8,189.9,0.0,N
213,LEU,1.655,2,"[212, 214]",3.8,166.7,0.0,N
214,SER,0.746,2,"[213, 215]",-0.8,89.0,2.5,N
215,PRO,1.355,2,"[214, 216]",-1.6,112.7,0.0,N
216,ASN,0.014,2,"[215, 217]",-3.5,114.1,2.5,N
217,TYR,-0.503,2,"[216, 218]",-1.3,193.6,2.5,N
218,THR,-0.476,2,"[217, 219]",-0.7,116.1,2.5,N
219,GLY,-0.358,4,"[218, 220, 260, 261]",-0.4,60.4,0.0,N
220,GLN,0.919,2,"[219, 221]",-3.5,143.8,2.5,N
221,CYS,-1.436,3,"[207, 220, 222]",2.5,108.5,0.0,N
222,PRO,0.025,2,"[221, 223]",-1.6,112.7,0.0,N
223,SER,1.628,2,"[222, 224]",-0.8,89.0,2.5,N
224,GLY,1.317,3,"[223, 225, 227]",-0.4,60.4,0.0,N
225,ILE,-0.687,2,"[224, 226]",4.5,166.7,0.0,N
226,ARG,0.706,3,"[225, 227, 229]",-4.5,173.4,1.0,N
227,ALA,1.481,3,"[224, 226, 228]",1.8,88.6,0.0,N
228,GLN,-0.477,2,"[227, 229]",-3.5,143.8,2.5,N
229,ASN,-1.432,3,"[226, 228, 230]",-3.5,114.1,2.5,N
230,ASP,-0.485,2,"[229, 231]",-3.5,111.1,1.0,N
231,GLN,0.103,2,"[230, 232]",-3.5,143.8,2.5,N
232,LEU,-0.956,2,"[231, 233]",3.8,166.7,0.0,N
233,GLY,1.243,2,"[232, 234]",-0.4,60.4,0.0,N
234,TRP,-1.124,2,"[233, 235]",-0.9,227.8,1.0,N
235,LEU,-1.236,2,"[234, 236]",3.8,166.7,0.0,N
236,TRP,-0.845,2,"[235, 237]",-0.9,227.8,1.0,N
237,GLY,0.373,2,"[236, 238]",-0.4,60.4,0.0,N
238,GLN,0.07,2,"[237, 239]",-3.5,143.8,2.5,N
239,SER,-1.28,2,"[238, 240]",-0.8,89.0,2.5,N
240,ARG,-0.415,4,"[198, 199, 239, 241]",-4.5,173.4,1.0,N
241,ALA,-1.203,3,"[240, 242, 282]",1.8,88.6,0.0,N
242,LEU,-1.099,3,"[241, 243, 283]",3.8,166.7,0.0,N
243,TYR,-0.237,3,"[242, 244, 285]",-1.3,193.6,2.5,N
244,PRO,-1.429,5,"[203, 204, 243, 245, 285]",-1.6,112.7,0.0,N
245,SER,-1.321,4,"[203, 244, 246, 286]",-0.8,89.0,2.5,N
246,ILE,-0.76,2,"[245, 247]",4.5,166.7,0.0,N
247,TYR,-1.245,2,"[246, 248]",-1.3,193.6,2.5,N
248,MET,-0.482,2,"[247, 249]",1.9,162.9,0.0,N
249,PRO,0.735,3,"[248, 250, 292]",-1.6,112.7,0.0,N
250,ALA,1.107,2,"[249, 251]",1.8,88.6,0.0,N
251,VAL,1.623,2,"[250, 252]",4.2,140.0,0.0,N
252,LEU,-0.204,2,"[251, 253]",3.8,166.7,0.0,N
253,GLU,0.553,2,"[252, 254]",-3.5,138.4,1.0,N
254,GLY,0.283,2,"[253, 255]",-0.4,60.4,0.0,N
255,THR,0.126,2,"[254, 256]",-0.7,116.1,2.5,N
256,GLY,3.085,2,"[255, 257]",-0.4,60.4,0.0,N
257,LYS,0.405,2,"[256, 258]",-3.9,168.6,1.0,N
258,SER,0.062,2,"[257, 259]",-0.8,89.0,2.5,N
259,GLN,0.427,3,"[258, 260, 305]",-3.5,143.8,2.5,N
260,MET,0.377,4,"[219, 259, 261, 263]",1.9,162.9,0.0,N
261,TYR,-0.31,3,"[219, 260, 262]",-1.3,193.6,2.5,N
262,VAL,-0.637,2,"[261, 263]",4.2,140.0,0.0,N
263,GLN,-0.145,3,"[260, 262, 264]",-3.5,143.8,2.5,N
264,HIS,-0.283,3,"[263, 265, 267]",-3.2,153.2,2.5,N
265,ARG,-0.968,2,"[264, 266]",-4.5,173.4,1.0,N
266,VAL,-0.304,2,"[265, 267]",4.2,140.0,0.0,N
267,ALA,0.373,3,"[264, 266, 268]",1.8,88.6,0.0,N
268,GLU,-1.501,3,"[267, 269, 271]",-3.5,138.4,1.0,N
269,ALA,-0.965,2,"[268, 270]",1.8,88.6,0.0,N
270,PHE,0.242,2,"[269, 271]",2.8,189.9,0.0,N
271,ARG,-1.312,3,"[268, 270, 272]",-4.5,173.4,1.0,N
272,VAL,-0.434,2,"[271, 273]",4.2,140.0,0.0,N
273,ALA,-0.639,2,"[272, 274]",1.8,88.6,0.0,N
274,VAL,0.846,3,"[273, 275, 279]",4.2,140.0,0.0,N
275,ALA,0.663,2,"[274, 276]",1.8,88.6,0.0,N
276,ALA,0.631,2,"[275, 277]",1.8,88.6,0.0,N
277,GLY,0.72,2,"[276, 278]",-0.4,60.4,0.0,N
278,ASP,1.393,2,"[277, 279]",-3.5,111.1,1.0,N
279,PRO,1.471,3,"[274, 278, 280]",-1.6,112.7,0.0,N
280,ASN,0.499,2,"[279, 281]",-3.5,114.1,2.5,N
281,LEU,0.066,2,"[280, 282]",3.8,166.7,0.0,N
282,PRO,-0.476,3,"[241, 281, 283]",-1.6,112.7,0.0,N
283,VAL,-0.818,3,"[242, 282, 284]",4.2,140.0,0.0,N
284,LEU,-0.137,3,"[283, 285, 318]",3.8,166.7,0.0,N
285,PRO,-0.332,4,"[243, 244, 284, 286]",-1.6,112.7,0.0,N
286,TYR,-1.237,4,"[245, 285, 287, 319]",-1.3,193.6,2.5,N
287,VAL,0.023,3,"[286, 288, 320]",4.2,140.0,0.0,N
288,GLN,-0.71,2,"[287, 289]",-3.5,143.8,2.5,N
289,ILE,-0.216,2,"[288, 290]",4.5,166.7,0.0,N
290,PHE,-0.331,3,"[289, 291, 297]",2.8,189.9,0.0,N
291,TYR,-0.568,2,"[290, 292]",-1.3,193.6,2.5,N
292,ASP,0.791,3,"[249, 291, 293]",-3.5,111.1,1.0,N
293,THR,0.031,2,"[292, 294]",-0.7,116.1,2.5,N
294,THR,0.163,2,"[293, 295]",-0.7,116.1,2.5,N
295,ASN,1.408,2,"[294, 296]",-3.5,114.1,2.5,N
296,HIS,1.234,2,"[295, 297]",-3.2,153.2,2.5,N
297,PHE,0.025,3,"[290, 296, 298]",2.8,189.9,0.0,N
298,LEU,-0.827,2,"[297, 299]",3.8,166.7,0.0,N
299,PRO,-0.33,2,"[298, 300]",-1.6,112.7,0.0,N
300,LEU,0.165,2,"[299, 301]",3.8,166.7,0.0,N
301,ASP,1.303,2,"[300, 302]",-3.5,111.1,1.0,N
302,GLU,-1.254,3,"[301, 303, 305]",-3.5,138.4,1.0,N
303,LEU,-0.851,2,"[302, 304]",3.8,166.7,0.0,N
304,GLU,-0.04,3,"[303, 305, 308]",-3.5,138.4,1.0,N
305,HIS,-0.312,4,"[259, 302, 304, 306]",-3.2,153.2,2.5,N
306,SER,-0.932,2,"[305, 307]",-0.8,89.0,2.5,N
307,LEU,-0.557,2,"[306, 308]",3.8,166.7,0.0,N
308,GLY,-0.434,3,"[304, 307, 309]",-0.4,60.4,0.0,N
309,GLU,-1.019,2,"[308, 310]",-3.5,138.4,1.0,N
310,SER,-0.82,2,"[309, 311]",-0.8,89.0,2.5,N
311,ALA,-0.978,3,"[310, 312, 315]",1.8,88.6,0.0,N
312,ALA,-0.635,2,"[311, 313]",1.8,88.6,0.0,N
313,GLN,-0.412,2,"[312, 314]",-3.5,143.8,2.5,N
314,GLY,-1.238,2,"[313, 315]",-0.4,60.4,0.0,N
315,ALA,-0.673,3,"[311, 314, 316]",1.8,88.6,0.0,N
316,ALA,-0.494,3,"[32, 315, 317]",1.8,88.6,0.0,N
317,GLY,-1.333,4,"[32, 33, 316, 318]",-0.4,60.4,0.0,N
318,VAL,-0.147,3,"[284, 317, 319]",4.2,140.0,0.0,N
319,VAL,-0.99,4,"[35, 286, 318, 320]",4.2,140.0,0.0,N
320,LEU,-0.505,3,"[287, 319, 321]",3.8,166.7,0.0,N
321,TRP,-1.391,3,"[37, 320, 322]",-0.9,227.8,1.0,N
322,VAL,-0.949,3,"[38, 321, 323]",4.2,140.0,0.0,N
323,SER,-0.588,2,"[322, 324]",-0.8,89.0,2.5,N
324,TRP,-0.172,2,"[323, 325]",-0.9,227.8,1.0,N
325,GLU,0.557,2,"[324, 326]",-3.5,138.4,1.0,N
326,ASN,-0.074,2,"[325, 327]",-3.5,114.1,2.5,N
327,THR,-0.456,2,"[326, 328]",-0.7,116.1,2.5,N
328,ARG,0.17,2,"[327, 329]",-4.5,173.4,1.0,N
329,THR,-0.476,2,"[328, 330]",-0.7,116.1,2.5,N
330,LYS,0.555,2,"[329, 331]",-3.9,168.6,1.0,N
331,GLU,0.892,2,"[330, 332]",-3.5,138.4,1.0,N
332,SER,-0.227,2,"[331, 333]",-0.8,89.0,2.5,N
333,CYS,-1.211,2,"[332, 334]",2.5,108.5,0.0,N
334,GLN,1.029,3,"[333, 335, 337]",-3.5,143.8,2.5,N
335,ALA,1.098,2,"[334, 336]",1.8,88.6,0.0,N
336,ILE,-0.544,3,"[335, 337, 339]",4.5,166.7,0.0,N
337,LYS,0.171,4,"[51, 334, 336, 338]",-3.9,168.6,1.0,N
338,GLU,1.006,2,"[337, 339]",-3.5,138.4,1.0,N
339,TYR,-0.821,3,"[336, 338, 340]",-1.3,193.6,2.5,N
340,MET,0.278,4,"[339, 341, 344, 345]",1.9,162.9,0.0,N
341,ASP,1.213,2,"[340, 342]",-3.5,111.1,1.0,N
342,THR,0.737,2,"[341, 343]",-0.7,116.1,2.5,N
343,THR,0.316,2,"[342, 344]",-0.7,116.1,2.5,N
344,LEU,-0.734,3,"[340, 343, 345]",3.8,166.7,0.0,N
345,GLY,-0.777,3,"[340, 344, 346]",-0.4,60.4,0.0,N
346,PRO,-0.222,2,"[345, 347]",-1.6,112.7,0.0,N
347,PHE,-0.455,3,"[346, 348, 350]",2.8,189.9,0.0,N
348,ILE,-0.204,2,"[347, 349]",4.5,166.7,0.0,N
349,LEU,0.633,2,"[348, 350]",3.8,166.7,0.0,N
350,ASN,-0.978,3,"[347, 349, 351]",-3.5,114.1,2.5,N
351,VAL,-0.906,2,"[350, 352]",4.2,140.0,0.0,N
352,THR,-0.836,2,"[351, 353]",-0.7,116.1,2.5,N
353,SER,0.674,3,"[352, 354, 356]",-0.8,89.0,2.5,N
354,GLY,-0.951,4,"[353, 355, 380, 381]",-0.4,60.4,0.0,N
355,ALA,-0.719,2,"[354, 356]",1.8,88.6,0.0,N
356,LEU,0.647,3,"[353, 355, 357]",3.8,166.7,0.0,N
357,LEU,0.137,2,"[356, 358]",3.8,166.7,0.0,N
358,CYS,-1.328,2,"[357, 359]",2.5,108.5,0.0,N
359,SER,-1.349,4,"[358, 360, 363, 365]",-0.8,89.0,2.5,N
360,GLN,0.846,3,"[359, 361, 365]",-3.5,143.8,2.5,N
361,ALA,0.821,2,"[360, 362]",1.8,88.6,0.0,N
362,LEU,-0.081,2,"[361, 363]",3.8,166.7,0.0,N
363,CYS,-1.408,4,"[359, 362, 364, 428]",2.5,108.5,0.0,N
364,SER,-0.236,2,"[363, 365]",-0.8,89.0,2.5,N
365,GLY,0.348,4,"[359, 360, 364, 366]",-0.4,60.4,0.0,N
366,HIS,0.106,2,"[365, 367]",-3.2,153.2,2.5,N
367,GLY,-1.409,4,"[366, 368, 420, 421]",-0.4,60.4,0.0,N
368,ARG,-1.175,2,"[367, 369]",-4.5,173.4,1.0,N
369,CYS,-1.408,3,"[368, 370, 418]",2.5,108.5,0.0,N
370,VAL,0.044,2,"[369, 371]",4.2,140.0,0.0,N
371,ARG,-1.123,3,"[370, 372, 416]",-4.5,173.4,1.0,N
372,ARG,0.032,2,"[371, 373]",-4.5,173.4,1.0,N
373,THR,1.071,2,"[372, 374]",-0.7,116.1,2.5,N
374,SER,0.865,2,"[373, 375]",-0.8,89.0,2.5,N
375,HIS,1.103,2,"[374, 376]",-3.2,153.2,2.5,N
376,PRO,-0.463,2,"[375, 377]",-1.6,112.7,0.0,N
377,LYS,1.206,2,"[376, 378]",-3.9,168.6,1.0,N
378,ALA,0.229,2,"[377, 379]",1.8,88.6,0.0,N
379,LEU,-0.514,2,"[378, 380]",3.8,166.7,0.0,N
380,LEU,-0.998,3,"[354, 379, 381]",3.8,166.7,0.0,N
381,LEU,-1.008,3,"[354, 380, 382]",3.8,166.7,0.0,N
382,LEU,-1.063,2,"[381, 383]",3.8,166.7,0.0,N
383,ASN,-0.073,2,"[382, 384]",-3.5,114.1,2.5,N
384,PRO,0.469,2,"[383, 385]",-1.6,112.7,0.0,N
385,ALA,3.059,2,"[384, 386]",1.8,88.6,0.0,N
386,SER,0.289,2,"[385, 387]",-0.8,89.0,2.5,N
387,PHE,0.528,3,"[386, 388, 402]",2.8,189.9,0.0,N
388,SER,1.608,2,"[387, 389]",-0.8,89.0,2.5,N
389,ILE,-0.242,3,"[388, 390, 400]",4.5,166.7,0.0,N
390,GLN,2.141,2,"[389, 391]",-3.5,143.8,2.5,N
391,LEU,2.18,3,"[390, 392, 398]",3.8,166.7,0.0,N
392,THR,1.469,2,"[391, 393]",-0.7,116.1,2.5,N
393,PRO,3.013,2,"[392, 394]",-1.6,112.7,0.0,N
394,GLY,2.718,2,"[393, 395]",-0.4,60.4,0.0,N
395,GLY,2.556,2,"[394, 396]",-0.4,60.4,0.0,N
396,GLY,1.303,2,"[395, 397]",-0.4,60.4,0.0,N
397,PRO,2.034,2,"[396, 398]",-1.6,112.7,0.0,N
398,LEU,0.545,3,"[391, 397, 399]",3.8,166.7,0.0,N
399,SER,1.328,2,"[398, 400]",-0.8,89.0,2.5,N
400,LEU,-0.285,3,"[389, 399, 401]",3.8,166.7,0.0,N
401,ARG,1.402,2,"[400, 402]",-4.5,173.4,1.0,N
402,GLY,-0.213,3,"[387, 401, 403]",-0.4,60.4,0.0,N
403,ALA,1.551,2,"[402, 404]",1.8,88.6,0.0,N
404,LEU,0.519,2,"[403, 405]",3.8,166.7,0.0,N
405,SER,0.577,2,"[404, 406]",-0.8,89.0,2.5,N
406,LEU,2.801,2,"[405, 407]",3.8,166.7,0.0,N
407,GLU,1.531,3,"[406, 408, 410]",-3.5,138.4,1.0,N
408,ASP,-0.025,2,"[407, 409]",-3.5,111.1,1.0,N
409,GLN,1.625,2,"[408, 410]",-3.5,143.8,2.5,N
410,ALA,1.761,3,"[407, 409, 411]",1.8,88.6,0.0,N
411,GLN,3.087,2,"[410, 412]",-3.5,143.8,2.5,N
412,MET,0.148,2,"[411, 413]",1.9,162.9,0.0,N
413,ALA,1.317,2,"[412, 414]",1.8,88.6,0.0,N
414,VAL,1.461,2,"[413, 415]",4.2,140.0,0.0,N
415,GLU,1.133,2,"[414, 416]",-3.5,138.4,1.0,N
416,PHE,-1.257,3,"[371, 415, 417]",2.8,189.9,0.0,N
417,LYS,0.939,2,"[416, 418]",-3.9,168.6,1.0,N
418,CYS,-1.468,3,"[369, 417, 419]",2.5,108.5,0.0,N
419,ARG,-0.591,2,"[418, 420]",-4.5,173.4,1.0,N
420,CYS,-1.203,3,"[367, 419, 421]",2.5,108.5,0.0,N
421,TYR,-1.09,4,"[24, 367, 420, 422]",-1.3,193.6,2.5,N
422,PRO,0.864,2,"[421, 423]",-1.6,112.7,0.0,N
423,GLY,-0.208,2,"[422, 424]",-0.4,60.4,0.0,N
424,TRP,0.227,5,"[423, 425, 429, 432, 433]",-0.9,227.8,1.0,N
425,GLN,1.369,4,"[424, 426, 429, 433]",-3.5,143.8,2.5,N
426,ALA,-0.989,2,"[425, 427]",1.8,88.6,0.0,N
427,PRO,1.345,2,"[426, 428]",-1.6,112.7,0.0,N
428,TRP,1.751,3,"[363, 427, 429]",-0.9,227.8,1.0,N
429,CYS,-1.315,4,"[424, 425, 428, 430]",2.5,108.5,0.0,N
430,GLU,0.69,2,"[429, 431]",-3.5,138.4,1.0,N
431,ARG,1.394,2,"[430, 432]",-4.5,173.4,1.0,N
432,LYS,1.023,3,"[424, 431, 433]",-3.9,168.6,1.0,N
433,SER,2.778,4,"[424, 425, 432, 434]",-0.8,89.0,2.5,N
434,MET,1.217,2,"[433, 435]",1.9,162.9,0.0,N
435,TRP,2.307,2,"[434, 436]",-0.9,227.8,1.0,N
436,THR,1.285,1,[435],-0.7,116.1,2.5,N
