residue_id,residue_name,conservation_score,neighbour_count,neighbours,hydrophobicity,volume,proton_donor
678,GLY,-0.863,6,"[672, 673, 674, 677, 679, 680]",-0.4,60.4,0
1088,ALA,-0.347,5,"[1043, 1044, 1087, 1089, 1099]",1.8,88.6,0
1154,GLY,-1.04,5,"[1153, 1155, 1582, 1585, 1586]",-0.4,60.4,0
1307,ALA,-0.657,5,"[1306, 1308, 1365, 1366, 1522]",1.8,88.6,0
1515,GLY,-0.998,5,"[1435, 1512, 1514, 1516, 1538]",-0.4,60.4,0
1537,GLY,-0.995,5,"[1513, 1532, 1534, 1536, 1538]",-0.4,60.4,0
1586,LYS,0.275,5,"[1154, 1583, 1585, 1587, 1589]",-3.9,168.6,1
60,GLN,,4,"[57, 59, 61, 63]",-3.5,143.8,2.5
64,LEU,,4,"[61, 63, 65, 67]",3.8,166.7,0
68,LEU,,4,"[65, 67, 69, 73]",3.8,166.7,0
374,ALA,-1.024,4,"[373, 375, 454, 455]",1.8,88.6,0
405,HIS,-0.511,4,"[404, 406, 442, 486]",-3.2,153.2,2.5
406,LYS,-0.64,4,"[405, 407, 440, 487]",-3.9,168.6,1
407,LEU,0.046,4,"[406, 408, 439, 488]",3.8,166.7,0
408,THR,-1.169,4,"[407, 409, 489, 490]",-0.7,116.1,2.5
409,CYS,1.36,4,"[408, 410, 491, 492]",2.5,108.5,0
410,PHE,-1.054,4,"[409, 411, 437, 491]",2.8,189.9,0
435,PHE,0.077,4,"[412, 434, 436, 458]",2.8,189.9,0
439,ALA,0.065,4,"[407, 438, 440, 453]",1.8,88.6,0
440,LYS,-1.215,4,"[406, 439, 441, 452]",-3.9,168.6,1
454,ASN,0.624,4,"[374, 438, 453, 455]",-3.5,114.1,2.5
455,GLY,0.083,4,"[374, 375, 454, 456]",-0.4,60.4,0
485,GLU,-0.34,4,"[404, 480, 484, 486]",-3.5,138.4,1
487,ILE,0.158,4,"[406, 478, 486, 488]",4.5,166.7,0
491,PRO,-0.973,4,"[409, 410, 490, 492]",-1.6,112.7,0
524,TYR,-1.024,4,"[523, 525, 527, 580]",-1.3,193.6,2.5
527,LEU,-1.199,4,"[524, 526, 528, 530]",3.8,166.7,0
551,LEU,-0.416,4,"[548, 550, 552, 554]",3.8,166.7,0
580,CYS,-0.864,4,"[523, 524, 579, 581]",2.5,108.5,0
673,MET,-0.956,4,"[672, 674, 678, 680]",1.9,162.9,0
674,VAL,0.647,4,"[673, 675, 677, 678]",4.2,140,0
680,GLY,-0.771,4,"[673, 678, 679, 681]",-0.4,60.4,0
723,LYS,1.089,4,"[722, 724, 767, 768]",-3.9,168.6,1
750,VAL,-0.474,4,"[733, 734, 749, 751]",4.2,140,0
763,VAL,-0.8,4,"[762, 764, 831, 832]",4.2,140,0
765,VAL,-0.462,4,"[764, 766, 828, 829]",4.2,140,0
781,ALA,-0.141,4,"[780, 782, 793, 891]",1.8,88.6,0
793,HIS,-1.095,4,"[781, 792, 794, 822]",-3.2,153.2,2.5
814,LEU,-0.069,4,"[799, 813, 815, 865]",3.8,166.7,0
840,SER,0.492,4,"[839, 841, 842, 843]",-0.8,89,2.5
854,LEU,1.601,4,"[851, 853, 855, 1286]",3.8,166.7,0
863,TYR,-0.565,4,"[812, 834, 862, 864]",-1.3,193.6,2.5
920,ARG,0.411,4,"[919, 921, 1002, 1003]",-4.5,173.4,1
923,TYR,-0.074,4,"[913, 914, 922, 924]",-1.3,193.6,2.5
926,ALA,0.053,4,"[910, 911, 925, 927]",1.8,88.6,0
929,ASN,0.681,4,"[905, 906, 928, 930]",-3.5,114.1,2.5
938,GLY,0.963,4,"[937, 939, 995, 1060]",-0.4,60.4,0
996,ILE,-0.803,4,"[936, 995, 997, 1018]",4.5,166.7,0
1003,LYS,0.214,4,"[920, 1002, 1004, 1009]",-3.9,168.6,1
1015,LYS,0.559,4,"[1014, 1016, 1052, 1053]",-3.9,168.6,1
1017,ARG,0.965,4,"[998, 1016, 1018, 1050]",-4.5,173.4,1
1018,VAL,-0.022,4,"[996, 997, 1017, 1019]",4.2,140,0
1025,GLU,-0.948,4,"[1024, 1026, 1030, 1031]",-3.5,138.4,1
1042,LEU,-0.434,4,"[1023, 1041, 1043, 1085]",3.8,166.7,0
1043,TYR,-0.752,4,"[1022, 1042, 1044, 1088]",-1.3,193.6,2.5
1060,CYS,-0.956,4,"[938, 1059, 1061, 1081]",2.5,108.5,0
1083,PHE,-0.859,4,"[1040, 1062, 1082, 1084]",2.8,189.9,0
1138,LYS,-0.156,4,"[1137, 1139, 1160, 1161]",-3.9,168.6,1
1141,THR,0.036,4,"[1140, 1142, 1163, 1219]",-0.7,116.1,2.5
1144,VAL,-0.723,4,"[1143, 1145, 1167, 1222]",4.2,140,0
1148,CYS,-0.755,4,"[1147, 1149, 1173, 1177]",2.5,108.5,0
1161,SER,-0.096,4,"[1138, 1139, 1160, 1162]",-0.8,89,2.5
1165,TRP,-0.953,4,"[1142, 1164, 1166, 1185]",-0.9,227.8,1
1166,ALA,-1.043,4,"[1143, 1165, 1167, 1186]",1.8,88.6,0
1167,ILE,-0.467,4,"[1144, 1166, 1168, 1187]",4.5,166.7,0
1169,MET,-0.095,4,"[1168, 1170, 1188, 1189]",1.9,162.9,0
1173,ALA,-1.006,4,"[1148, 1172, 1174, 1176]",1.8,88.6,0
1176,ALA,-1.043,4,"[1173, 1175, 1177, 1565]",1.8,88.6,0
1219,MET,-0.517,4,"[1141, 1218, 1220, 1262]",1.9,162.9,0
1252,LEU,-1.035,4,"[1249, 1251, 1253, 1255]",3.8,166.7,0
1262,PHE,-0.208,4,"[1219, 1261, 1263, 1318]",2.8,189.9,0
1263,PHE,-0.976,4,"[1220, 1262, 1264, 1317]",2.8,189.9,0
1264,LEU,-0.445,4,"[1221, 1263, 1265, 1316]",3.8,166.7,0
1266,GLU,-1.084,4,"[1223, 1265, 1267, 1314]",-3.5,138.4,1
1269,ARG,-1.012,4,"[1268, 1270, 1312, 1313]",-4.5,173.4,1
1312,ARG,-1.032,4,"[1268, 1269, 1311, 1313]",-4.5,173.4,1
1313,ALA,-0.823,4,"[1269, 1298, 1312, 1314]",1.8,88.6,0
1317,ALA,-1.08,4,"[1263, 1294, 1316, 1318]",1.8,88.6,0
1332,HIS,-0.885,4,"[1303, 1331, 1333, 1362]",-3.2,153.2,2.5
1367,VAL,-0.982,4,"[1366, 1368, 1370, 1519]",4.2,140,0
1368,ARG,-0.379,4,"[1367, 1369, 1372, 1519]",-4.5,173.4,1
1395,TRP,-0.436,4,"[1038, 1394, 1396, 1398]",-0.9,227.8,1
1435,ASP,-1.076,4,"[1434, 1436, 1514, 1515]",-3.5,111.1,1
1453,ARG,-0.004,4,"[1443, 1452, 1454, 1494]",-4.5,173.4,1
1474,GLY,-1.039,4,"[1459, 1460, 1473, 1475]",-0.4,60.4,0
1504,GLY,-0.154,4,"[1501, 1503, 1505, 1509]",-0.4,60.4,0
1512,GLY,-1.039,4,"[1511, 1513, 1515, 1538]",-0.4,60.4,0
1514,TYR,-1.032,4,"[1435, 1513, 1515, 1532]",-1.3,193.6,2.5
1519,TRP,-0.815,4,"[1367, 1368, 1518, 1520]",-0.9,227.8,1
1528,THR,-1.061,4,"[1527, 1529, 1574, 1577]",-0.7,116.1,2.5
1532,PRO,-1.016,4,"[1514, 1531, 1533, 1537]",-1.6,112.7,0
1534,GLY,-0.912,4,"[1531, 1533, 1535, 1537]",-0.4,60.4,0
1538,ARG,-0.939,4,"[1512, 1515, 1537, 1539]",-4.5,173.4,1
1540,LEU,-1.002,4,"[1516, 1539, 1541, 1547]",3.8,166.7,0
1551,ARG,-1.074,4,"[1412, 1550, 1552, 1554]",-4.5,173.4,1
1555,ARG,-1.074,4,"[1552, 1554, 1556, 1558]",-4.5,173.4,1
1577,GLY,-0.994,4,"[1527, 1528, 1576, 1578]",-0.4,60.4,0
1582,PRO,-1.083,4,"[1154, 1581, 1583, 1585]",-1.6,112.7,0
1585,ALA,-0.357,4,"[1154, 1582, 1584, 1586]",1.8,88.6,0
22,ASP,,3,"[21, 23, 25]",-3.5,111.1,1
23,ASP,,3,"[22, 24, 26]",-3.5,111.1,1
25,ARG,,3,"[22, 24, 26]",-4.5,173.4,1
26,ARG,,3,"[23, 25, 27]",-4.5,173.4,1
27,ARG,,3,"[26, 28, 30]",-4.5,173.4,1
30,ASP,,3,"[27, 29, 31]",-3.5,111.1,1
40,GLU,,3,"[39, 41, 43]",-3.5,138.4,1
43,LYS,,3,"[40, 42, 44]",-3.9,168.6,1
57,ILE,,3,"[56, 58, 60]",4.5,166.7,0
61,LEU,,3,"[60, 62, 64]",3.8,166.7,0
63,ASP,,3,"[60, 62, 64]",-3.5,111.1,1
65,GLU,,3,"[64, 66, 68]",-3.5,138.4,1
67,LYS,,3,"[64, 66, 68]",-3.9,168.6,1
73,LEU,,3,"[68, 72, 74]",3.8,166.7,0
74,SER,,3,"[73, 75, 77]",-0.8,89,2.5
77,GLY,,3,"[74, 76, 78]",-0.4,60.4,0
81,LYS,,3,"[80, 82, 84]",-3.9,168.6,1
84,SER,,3,"[81, 83, 85]",-0.8,89,2.5
124,ASP,,3,"[123, 125, 603]",-3.5,111.1,1
300,GLU,,3,"[1146, 1147, 1579]",-3.5,138.4,1
352,LYS,0.019,3,"[351, 353, 359]",-3.9,168.6,1
353,CYS,-1.41,3,"[352, 354, 357]",2.5,108.5,0
357,GLY,0.945,3,"[353, 356, 358]",-0.4,60.4,0
359,TYR,2.829,3,"[352, 358, 360]",-1.3,193.6,2.5
366,LYS,2.196,3,"[365, 367, 418]",-3.9,168.6,1
375,VAL,0.71,3,"[374, 376, 455]",4.2,140,0
386,LEU,-1.1,3,"[385, 387, 441]",3.8,166.7,0
402,LEU,0.045,3,"[401, 403, 484]",3.8,166.7,0
404,GLN,-0.259,3,"[403, 405, 485]",-3.5,143.8,2.5
412,VAL,-0.78,3,"[411, 413, 435]",4.2,140,0
413,TYR,-0.769,3,"[412, 414, 419]",-1.3,193.6,2.5
414,CYS,-1.274,3,"[413, 415, 433]",2.5,108.5,0
418,HIS,-1.34,3,"[366, 417, 419]",-3.2,153.2,2.5
419,LEU,-0.654,3,"[413, 418, 420]",3.8,166.7,0
427,ILE,-0.648,3,"[426, 428, 430]",4.5,166.7,0
430,ASN,-0.824,3,"[427, 429, 431]",-3.5,114.1,2.5
433,LEU,-0.908,3,"[414, 432, 434]",3.8,166.7,0
434,PHE,0.789,3,"[433, 435, 460]",2.8,189.9,0
436,SER,-1.124,3,"[435, 437, 456]",-0.8,89,2.5
437,GLY,-1.327,3,"[410, 436, 438]",-0.4,60.4,0
438,SER,0.9,3,"[437, 439, 454]",-0.8,89,2.5
441,PRO,-0.442,3,"[386, 440, 442]",-1.6,112.7,0
442,ILE,-0.89,3,"[405, 441, 443]",4.5,166.7,0
452,GLY,-0.939,3,"[440, 451, 453]",-0.4,60.4,0
453,VAL,-0.228,3,"[439, 452, 454]",4.2,140,0
456,LYS,0.504,3,"[436, 455, 457]",-3.9,168.6,1
458,LEU,0.555,3,"[435, 457, 459]",3.8,166.7,0
459,GLY,-1.29,3,"[458, 460, 461]",-0.4,60.4,0
460,PRO,-1.31,3,"[434, 459, 461]",-1.6,112.7,0
461,ILE,-1.23,3,"[459, 460, 462]",4.5,166.7,0
464,TRP,-1.319,3,"[463, 465, 479]",-0.9,227.8,1
466,ILE,-0.292,3,"[465, 467, 477]",4.5,166.7,0
477,ILE,-0.341,3,"[466, 476, 478]",4.5,166.7,0
478,GLY,-0.653,3,"[477, 479, 487]",-0.4,60.4,0
479,PHE,0.245,3,"[464, 478, 480]",2.8,189.9,0
480,SER,-0.437,3,"[479, 481, 485]",-0.8,89,2.5
484,ALA,-0.944,3,"[402, 483, 485]",1.8,88.6,0
486,TYR,-1.304,3,"[405, 485, 487]",-1.3,193.6,2.5
488,LEU,-1.177,3,"[407, 487, 489]",3.8,166.7,0
489,MET,-0.634,3,"[408, 488, 490]",1.9,162.9,0
490,ASP,1.199,3,"[408, 489, 491]",-3.5,111.1,1
492,SER,-1.078,3,"[409, 491, 493]",-0.8,89,2.5
507,TYR,1.046,3,"[506, 508, 510]",-1.3,193.6,2.5
509,SER,-0.663,3,"[508, 510, 557]",-0.8,89,2.5
510,LYS,-1.3,3,"[507, 509, 511]",-3.9,168.6,1
523,THR,0.385,3,"[522, 524, 580]",-0.7,116.1,2.5
528,ILE,-0.476,3,"[527, 529, 531]",4.5,166.7,0
530,LYS,0.409,3,"[527, 529, 531]",-3.9,168.6,1
531,ILE,-0.36,3,"[528, 530, 532]",4.5,166.7,0
546,THR,-0.448,3,"[545, 547, 549]",-0.7,116.1,2.5
548,ASP,-0.502,3,"[547, 549, 551]",-3.5,111.1,1
549,SER,0.457,3,"[546, 548, 550]",-0.8,89,2.5
554,ALA,-1.024,3,"[551, 553, 555]",1.8,88.6,0
555,GLN,-0.787,3,"[554, 556, 588]",-3.5,143.8,2.5
557,VAL,-0.494,3,"[509, 556, 558]",4.2,140,0
560,GLN,-1.178,3,"[559, 561, 563]",-3.5,143.8,2.5
563,SER,-0.962,3,"[560, 562, 564]",-0.8,89,2.5
579,PRO,-0.435,3,"[578, 580, 582]",-1.6,112.7,0
581,MET,-0.528,3,"[580, 582, 584]",1.9,162.9,0
582,ARG,-0.797,3,"[579, 581, 583]",-4.5,173.4,1
584,LEU,-1.058,3,"[581, 583, 585]",3.8,166.7,0
588,ALA,-0.596,3,"[555, 587, 589]",1.8,88.6,0
592,LEU,-0.437,3,"[591, 593, 595]",3.8,166.7,0
594,GLN,-0.014,3,"[593, 595, 597]",-3.5,143.8,2.5
595,ARG,-0.474,3,"[592, 594, 596]",-4.5,173.4,1
597,ALA,0.301,3,"[594, 596, 598]",1.8,88.6,0
604,ILE,-0.005,3,"[603, 605, 607]",4.5,166.7,0
606,HIS,-0.014,3,"[605, 607, 685]",-3.2,153.2,2.5
607,SER,0.987,3,"[604, 606, 608]",-0.8,89,2.5
618,ALA,-1.038,3,"[617, 619, 1245]",1.8,88.6,0
619,THR,-0.904,3,"[618, 620, 1192]",-0.7,116.1,2.5
624,VAL,-1.057,3,"[623, 625, 627]",4.2,140,0
626,GLN,0.421,3,"[625, 627, 629]",-3.5,143.8,2.5
627,ILE,-0.49,3,"[624, 626, 628]",4.5,166.7,0
629,ASP,-0.785,3,"[626, 628, 630]",-3.5,111.1,1
654,GLY,-0.739,3,"[653, 655, 659]",-0.4,60.4,0
657,GLU,-0.767,3,"[656, 658, 660]",-3.5,138.4,1
659,CYS,-0.957,3,"[654, 658, 660]",2.5,108.5,0
660,GLN,-0.818,3,"[657, 659, 661]",-3.5,143.8,2.5
665,GLY,-0.914,3,"[664, 666, 670]",-0.4,60.4,0
668,LYS,2.809,3,"[667, 669, 671]",-3.9,168.6,1
670,CYS,-0.956,3,"[665, 669, 671]",2.5,108.5,0
671,LYS,0.066,3,"[668, 670, 672]",-3.9,168.6,1
672,ASP,-0.437,3,"[671, 673, 678]",-3.5,111.1,1
677,GLY,-0.848,3,"[674, 676, 678]",-0.4,60.4,0
692,PRO,-0.653,3,"[691, 693, 695]",-1.6,112.7,0
695,ALA,-0.574,3,"[692, 694, 696]",1.8,88.6,0
696,MET,-0.285,3,"[695, 697, 699]",1.9,162.9,0
697,LYS,-0.205,3,"[696, 698, 700]",-3.9,168.6,1
698,GLU,-0.469,3,"[697, 699, 701]",-3.5,138.4,1
699,ALA,-0.744,3,"[696, 698, 700]",1.8,88.6,0
700,ASP,0.169,3,"[697, 699, 701]",-3.5,111.1,1
701,ASP,0.215,3,"[698, 700, 702]",-3.5,111.1,1
724,LYS,0.571,3,"[723, 725, 768]",-3.9,168.6,1
725,LYS,0.171,3,"[724, 726, 827]",-3.9,168.6,1
731,ILE,0.163,3,"[730, 732, 752]",4.5,166.7,0
733,TRP,-0.808,3,"[732, 734, 750]",-0.9,227.8,1
734,VAL,1.515,3,"[733, 735, 750]",4.2,140,0
737,ALA,0.886,3,"[736, 738, 747]",1.8,88.6,0
740,THR,2.158,3,"[739, 741, 745]",-0.7,116.1,2.5
743,LYS,0.941,3,"[742, 744, 786]",-3.9,168.6,1
744,LYS,0.09,3,"[743, 745, 785]",-3.9,168.6,1
745,SER,1.622,3,"[740, 744, 746]",-0.8,89,2.5
746,TYR,0.069,3,"[745, 747, 783]",-1.3,193.6,2.5
747,TYR,-0.5,3,"[737, 746, 748]",-1.3,193.6,2.5
749,LYS,0.606,3,"[748, 750, 758]",-3.9,168.6,1
751,CYS,1.771,3,"[750, 752, 756]",2.5,108.5,0
752,ILE,0.022,3,"[731, 751, 753]",4.5,166.7,0
756,THR,1.32,3,"[751, 755, 757]",-0.7,116.1,2.5
758,GLU,1.493,3,"[749, 757, 759]",-3.5,138.4,1
762,CYS,1.235,3,"[761, 763, 778]",2.5,108.5,0
764,SER,-0.121,3,"[763, 765, 776]",-0.8,89,2.5
766,ILE,0.055,3,"[765, 767, 774]",4.5,166.7,0
767,PRO,-0.087,3,"[766, 768, 769]",-1.6,112.7,0
769,ASP,0.09,3,"[767, 768, 770]",-3.5,111.1,1
774,LEU,0.284,3,"[766, 773, 775]",3.8,166.7,0
776,LEU,-0.306,3,"[764, 775, 777]",3.8,166.7,0
777,ALA,-0.392,3,"[776, 778, 796]",1.8,88.6,0
778,ARG,-0.162,3,"[762, 777, 779]",-4.5,173.4,1
782,LEU,-0.385,3,"[781, 783, 792]",3.8,166.7,0
783,TRP,0.106,3,"[746, 782, 784]",-0.9,227.8,1
784,GLU,-0.506,3,"[783, 785, 790]",-3.5,138.4,1
785,ASP,0.625,3,"[744, 784, 786]",-3.5,111.1,1
786,SER,1.79,3,"[743, 785, 787]",-0.8,89,2.5
790,GLN,0.22,3,"[784, 789, 791]",-3.5,143.8,2.5
791,MET,0.223,3,"[790, 792, 824]",1.9,162.9,0
792,PHE,-0.08,3,"[782, 791, 793]",2.8,189.9,0
795,HIS,0.049,3,"[794, 796, 820]",-3.2,153.2,2.5
796,TRP,-0.562,3,"[777, 795, 797]",-0.9,227.8,1
798,CYS,1.586,3,"[797, 799, 815]",2.5,108.5,0
799,ALA,-0.748,3,"[798, 800, 814]",1.8,88.6,0
801,THR,0.457,3,"[800, 802, 806]",-0.7,116.1,2.5
806,GLY,-0.841,3,"[801, 805, 807]",-0.4,60.4,0
812,LEU,0.6,3,"[811, 813, 863]",3.8,166.7,0
815,PHE,-0.78,3,"[798, 814, 816]",2.8,189.9,0
816,LEU,0.675,3,"[815, 817, 868]",3.8,166.7,0
818,ASP,-0.182,3,"[817, 819, 895]",-3.5,111.1,1
820,CYS,-1.079,3,"[795, 819, 821]",2.5,108.5,0
822,ASP,-0.389,3,"[793, 821, 823]",-3.5,111.1,1
824,GLN,0.768,3,"[791, 823, 825]",-3.5,143.8,2.5
828,ILE,-0.165,3,"[765, 827, 829]",4.5,166.7,0
829,HIS,1.142,3,"[765, 828, 830]",-3.2,153.2,2.5
831,LYS,-0.52,3,"[763, 830, 832]",-3.9,168.6,1
832,VAL,-0.408,3,"[763, 831, 833]",4.2,140,0
834,VAL,-0.811,3,"[833, 835, 863]",4.2,140,0
835,ILE,1.612,3,"[834, 836, 864]",4.5,166.7,0
842,ASN,-0.195,3,"[840, 841, 843]",-3.5,114.1,2.5
843,TRP,-0.722,3,"[840, 842, 844]",-0.9,227.8,1
847,GLY,-0.719,3,"[846, 848, 1257]",-0.4,60.4,0
851,PRO,2.984,3,"[850, 852, 854]",-1.6,112.7,0
853,SER,2.816,3,"[852, 854, 857]",-0.8,89,2.5
857,GLY,1.297,3,"[853, 856, 858]",-0.4,60.4,0
864,PHE,-0.26,3,"[835, 863, 865]",2.8,189.9,0
865,TYR,-0.107,3,"[814, 864, 866]",-1.3,193.6,2.5
868,TRP,0.448,3,"[816, 867, 869]",-0.9,227.8,1
869,TYR,-0.951,3,"[868, 870, 876]",-1.3,193.6,2.5
875,ARG,-1.01,3,"[874, 876, 1295]",-4.5,173.4,1
876,PHE,-1.033,3,"[869, 875, 877]",2.8,189.9,0
877,GLU,-0.526,3,"[876, 878, 1293]",-3.5,138.4,1
889,LYS,1.522,3,"[888, 890, 892]",-3.9,168.6,1
891,LYS,0.682,3,"[781, 890, 892]",-3.9,168.6,1
892,PHE,0.51,3,"[889, 891, 893]",2.8,189.9,0
894,VAL,2.577,3,"[893, 895, 897]",4.2,140,0
895,SER,-0.147,3,"[818, 894, 896]",-0.8,89,2.5
897,ALA,2.303,3,"[894, 896, 898]",1.8,88.6,0
898,ARG,-0.135,3,"[897, 899, 901]",-4.5,173.4,1
899,LEU,1.451,3,"[898, 900, 902]",3.8,166.7,0
900,ALA,2.223,3,"[899, 901, 903]",1.8,88.6,0
901,GLU,1.577,3,"[898, 900, 902]",-3.5,138.4,1
902,MET,1.72,3,"[899, 901, 903]",1.9,162.9,0
903,ARG,0.95,3,"[900, 902, 904]",-4.5,173.4,1
905,LYS,2.658,3,"[904, 906, 929]",-3.9,168.6,1
906,GLU,0.737,3,"[905, 907, 929]",-3.5,138.4,1
908,PRO,0.073,3,"[907, 909, 928]",-1.6,112.7,0
910,VAL,1.027,3,"[909, 911, 926]",4.2,140,0
911,LEU,2.985,3,"[910, 912, 926]",3.8,166.7,0
913,GLN,1.105,3,"[912, 914, 923]",-3.5,143.8,2.5
914,LEU,1.661,3,"[913, 915, 923]",3.8,166.7,0
916,ASP,1.576,3,"[915, 917, 921]",-3.5,111.1,1
921,VAL,1.6,3,"[916, 920, 922]",4.2,140,0
922,LEU,2.462,3,"[921, 923, 1000]",3.8,166.7,0
925,SER,1.588,3,"[924, 926, 934]",-0.8,89,2.5
927,THR,1.634,3,"[926, 928, 932]",-0.7,116.1,2.5
928,LYS,0.44,3,"[908, 927, 929]",-3.9,168.6,1
932,LEU,0.529,3,"[927, 931, 933]",3.8,166.7,0
934,ARG,0.527,3,"[925, 933, 935]",-4.5,173.4,1
936,GLY,-0.702,3,"[935, 937, 996]",-0.4,60.4,0
939,VAL,-0.662,3,"[938, 940, 1059]",4.2,140,0
941,LEU,-0.133,3,"[940, 942, 992]",3.8,166.7,0
969,TYR,-0.617,3,"[968, 970, 1440]",-1.3,193.6,2.5
983,SER,-0.879,3,"[982, 984, 1521]",-0.8,89,2.5
987,ALA,-0.547,3,"[986, 988, 1335]",1.8,88.6,0
990,PRO,-0.921,3,"[989, 991, 1360]",-1.6,112.7,0
992,ARG,-0.002,3,"[941, 991, 993]",-4.5,173.4,1
994,GLY,-0.179,3,"[993, 995, 1020]",-0.4,60.4,0
995,ARG,0.116,3,"[938, 994, 996]",-4.5,173.4,1
997,LYS,0.766,3,"[996, 998, 1018]",-3.9,168.6,1
998,GLU,0.806,3,"[997, 999, 1017]",-3.5,138.4,1
999,ILE,-0.91,3,"[998, 1000, 1016]",4.5,166.7,0
1000,PHE,1.565,3,"[922, 999, 1001]",2.8,189.9,0
1001,CYS,0.587,3,"[1000, 1002, 1014]",2.5,108.5,0
1002,PRO,1.526,3,"[920, 1001, 1003]",-1.6,112.7,0
1009,PRO,1.505,3,"[1003, 1008, 1010]",-1.6,112.7,0
1014,ILE,-0.269,3,"[1001, 1013, 1015]",4.5,166.7,0
1016,ILE,-0.134,3,"[999, 1015, 1017]",4.5,166.7,0
1019,ASN,0.571,3,"[1018, 1020, 1048]",-3.5,114.1,2.5
1020,LYS,-0.798,3,"[994, 1019, 1021]",-3.9,168.6,1
1022,TYR,-0.921,3,"[1021, 1023, 1043]",-1.3,193.6,2.5
1023,ARG,-1.095,3,"[1022, 1024, 1042]",-4.5,173.4,1
1030,SER,0.365,3,"[1025, 1029, 1031]",-0.8,89,2.5
1031,THR,2.98,3,"[1025, 1030, 1032]",-0.7,116.1,2.5
1036,HIS,0.003,3,"[1035, 1037, 1394]",-3.2,153.2,2.5
1038,ASP,-0.95,3,"[1037, 1039, 1395]",-3.5,111.1,1
1040,ASN,-1.001,3,"[1039, 1041, 1083]",-3.5,114.1,2.5
1044,TRP,-0.62,3,"[1043, 1045, 1088]",-0.9,227.8,1
1048,GLU,-0.288,3,"[1019, 1047, 1049]",-3.5,138.4,1
1050,VAL,0.827,3,"[1017, 1049, 1051]",4.2,140,0
1052,ASP,1.433,3,"[1015, 1051, 1053]",-3.5,111.1,1
1053,PHE,-0.051,3,"[1015, 1052, 1054]",2.8,189.9,0
1059,ARG,-0.605,3,"[939, 1058, 1060]",-4.5,173.4,1
1061,THR,0.778,3,"[1060, 1062, 1082]",-0.7,116.1,2.5
1062,VAL,-0.448,3,"[1061, 1063, 1083]",4.2,140,0
1063,GLU,0.58,3,"[1062, 1064, 1084]",-3.5,138.4,1
1072,VAL,1.548,3,"[1071, 1073, 1075]",4.2,140,0
1075,TYR,-0.109,3,"[1072, 1074, 1076]",-1.3,193.6,2.5
1081,ASN,0.391,3,"[1060, 1080, 1082]",-3.5,114.1,2.5
1082,ARG,-0.754,3,"[1061, 1081, 1083]",-4.5,173.4,1
1084,TYR,-0.833,3,"[1063, 1083, 1085]",-1.3,193.6,2.5
1085,PHE,-0.976,3,"[1042, 1084, 1086]",2.8,189.9,0
1087,GLU,-0.51,3,"[1086, 1088, 1098]",-3.5,138.4,1
1089,TYR,-0.749,3,"[1088, 1090, 1096]",-1.3,193.6,2.5
1091,ALA,0.656,3,"[1090, 1092, 1094]",1.8,88.6,0
1094,LYS,0.11,3,"[1091, 1093, 1095]",-3.9,168.6,1
1096,PHE,-0.067,3,"[1089, 1095, 1097]",2.8,189.9,0
1098,ASP,-0.193,3,"[1087, 1097, 1099]",-3.5,111.1,1
1099,PRO,-0.431,3,"[1088, 1098, 1100]",-1.6,112.7,0
1139,LEU,-0.95,3,"[1138, 1140, 1161]",3.8,166.7,0
1142,LEU,-0.908,3,"[1141, 1143, 1165]",3.8,166.7,0
1143,ASP,-1.014,3,"[1142, 1144, 1166]",-3.5,111.1,1
1146,SER,-0.906,3,"[1145, 1147, 1703]",-0.8,89,2.5
1147,GLY,-1.001,3,"[1146, 1148, 1703]",-0.4,60.4,0
1160,ILE,0.249,3,"[1138, 1159, 1161]",4.5,166.7,0
1163,THR,-0.132,3,"[1141, 1162, 1164]",-0.7,116.1,2.5
1164,LEU,1.675,3,"[1163, 1165, 1184]",3.8,166.7,0
1175,GLN,-0.229,3,"[1174, 1176, 1178]",-3.5,143.8,2.5
1177,PHE,-0.397,3,"[1148, 1176, 1178]",2.8,189.9,0
1178,ARG,-0.489,3,"[1175, 1177, 1179]",-4.5,173.4,1
1184,SER,0.517,3,"[1164, 1183, 1185]",-0.8,89,2.5
1185,THR,-0.134,3,"[1165, 1184, 1186]",-0.7,116.1,2.5
1186,VAL,-1.002,3,"[1166, 1185, 1187]",4.2,140,0
1187,PHE,-0.72,3,"[1167, 1186, 1188]",2.8,189.9,0
1188,THR,-0.371,3,"[1169, 1187, 1189]",-0.7,116.1,2.5
1189,GLU,-0.187,3,"[1169, 1188, 1190]",-3.5,138.4,1
1204,THR,0.593,3,"[1203, 1205, 1210]",-0.7,116.1,2.5
1210,ARG,0.724,3,"[1204, 1209, 1211]",-4.5,173.4,1
1218,GLU,-0.826,3,"[1217, 1219, 1260]",-3.5,138.4,1
1220,LEU,-0.757,3,"[1219, 1221, 1263]",3.8,166.7,0
1221,CYS,-0.776,3,"[1220, 1222, 1264]",2.5,108.5,0
1222,GLY,-1.079,3,"[1144, 1221, 1223]",-0.4,60.4,0
1223,GLY,-1.079,3,"[1222, 1224, 1266]",-0.4,60.4,0
1247,LEU,-1.063,3,"[1246, 1248, 1250]",3.8,166.7,0
1249,VAL,-0.618,3,"[1248, 1250, 1252]",4.2,140,0
1250,SER,-0.857,3,"[1247, 1249, 1251]",-0.8,89,2.5
1253,SER,-0.994,3,"[1252, 1254, 1256]",-0.8,89,2.5
1255,CYS,-0.833,3,"[1252, 1254, 1256]",2.5,108.5,0
1256,ASP,-0.868,3,"[1253, 1255, 1257]",-3.5,111.1,1
1257,TYR,-0.394,3,"[847, 1256, 1258]",-1.3,193.6,2.5
1260,PRO,-1.02,3,"[1218, 1259, 1261]",-1.6,112.7,0
1261,ARG,-0.405,3,"[1260, 1262, 1319]",-4.5,173.4,1
1268,VAL,-1.041,3,"[1267, 1269, 1312]",4.2,140,0
1273,SER,-0.78,3,"[1272, 1274, 1277]",-0.8,89,2.5
1277,SER,-0.539,3,"[1273, 1276, 1278]",-0.8,89,2.5
1278,MET,-0.824,3,"[1277, 1279, 1281]",1.9,162.9,0
1281,LYS,-1.007,3,"[1278, 1280, 1282]",-3.9,168.6,1
1282,LEU,-0.979,3,"[1281, 1283, 1285]",3.8,166.7,0
1285,ARG,-0.681,3,"[1282, 1284, 1286]",-4.5,173.4,1
1293,GLN,-1.041,3,"[877, 1292, 1294]",-3.5,143.8,2.5
1294,CYS,-0.864,3,"[1293, 1295, 1317]",2.5,108.5,0
1295,THR,-0.763,3,"[875, 1294, 1296]",-0.7,116.1,2.5
1296,PHE,-0.829,3,"[1295, 1297, 1315]",2.8,189.9,0
1298,VAL,-0.384,3,"[1297, 1299, 1313]",4.2,140,0
1300,GLN,-1.099,3,"[1299, 1301, 1311]",-3.5,143.8,2.5
1302,GLY,-1.041,3,"[1301, 1303, 1306]",-0.4,60.4,0
1303,GLN,-0.347,3,"[1302, 1304, 1332]",-3.5,143.8,2.5
1306,VAL,-0.629,3,"[1302, 1305, 1307]",4.2,140,0
1308,GLN,-1.056,3,"[1307, 1309, 1523]",-3.5,143.8,2.5
1311,ARG,-0.947,3,"[1300, 1310, 1312]",-4.5,173.4,1
1314,ILE,-0.886,3,"[1266, 1313, 1315]",4.5,166.7,0
1315,ILE,-0.679,3,"[1296, 1314, 1316]",4.5,166.7,0
1316,LEU,-0.294,3,"[1264, 1315, 1317]",3.8,166.7,0
1318,ALA,-0.893,3,"[1262, 1317, 1319]",1.8,88.6,0
1319,ALA,-1.06,3,"[1261, 1318, 1320]",1.8,88.6,0
1335,ALA,-0.404,3,"[987, 1334, 1336]",1.8,88.6,0
1344,VAL,0.739,3,"[1343, 1345, 1349]",4.2,140,0
1349,LYS,-0.416,3,"[1344, 1348, 1350]",-3.9,168.6,1
1360,GLY,-0.835,3,"[990, 1359, 1361]",-0.4,60.4,0
1362,PHE,0.261,3,"[1332, 1361, 1363]",2.8,189.9,0
1365,ILE,-0.629,3,"[1307, 1364, 1366]",4.5,166.7,0
1366,THR,-0.819,3,"[1307, 1365, 1367]",-0.7,116.1,2.5
1370,THR,-0.452,3,"[1367, 1369, 1371]",-0.7,116.1,2.5
1372,SER,-0.744,3,"[1368, 1371, 1373]",-0.8,89,2.5
1379,ASN,-0.953,3,"[1378, 1380, 1546]",-3.5,114.1,2.5
1380,GLY,-1.04,3,"[1379, 1381, 1416]",-0.4,60.4,0
1381,ALA,0.018,3,"[1380, 1382, 1413]",1.8,88.6,0
1385,GLU,-0.692,3,"[1384, 1386, 1410]",-3.5,138.4,1
1394,SER,-0.548,3,"[1036, 1393, 1395]",-0.8,89,2.5
1398,ARG,-0.49,3,"[1395, 1397, 1399]",-4.5,173.4,1
1400,LEU,-0.096,3,"[1399, 1401, 1560]",3.8,166.7,0
1410,ARG,0.099,3,"[1385, 1409, 1411]",-4.5,173.4,1
1412,HIS,-1.055,3,"[1411, 1413, 1551]",-3.2,153.2,2.5
1413,ILE,-0.554,3,"[1381, 1412, 1414]",4.5,166.7,0
1414,CYS,-0.913,3,"[1413, 1415, 1549]",2.5,108.5,0
1416,ASP,-0.383,3,"[1380, 1415, 1417]",-3.5,111.1,1
1421,VAL,-0.707,3,"[1420, 1422, 1424]",4.2,140,0
1424,ARG,-1.094,3,"[1421, 1423, 1425]",-4.5,173.4,1
1440,PRO,-0.984,3,"[969, 1439, 1441]",-1.6,112.7,0
1443,GLU,0.709,3,"[1442, 1444, 1453]",-3.5,138.4,1
1445,ARG,0.315,3,"[1444, 1446, 1451]",-4.5,173.4,1
1451,MET,1.619,3,"[1445, 1450, 1452]",1.9,162.9,0
1459,HIS,-0.161,3,"[1458, 1460, 1474]",-3.2,153.2,2.5
1460,HIS,1.576,3,"[1459, 1461, 1474]",-3.2,153.2,2.5
1466,ARG,0.471,3,"[1465, 1467, 1472]",-4.5,173.4,1
1472,LEU,0.551,3,"[1466, 1471, 1473]",3.8,166.7,0
1494,THR,-1.081,3,"[1453, 1493, 1495]",-0.7,116.1,2.5
1499,CYS,-0.869,3,"[1498, 1500, 1502]",2.5,108.5,0
1501,PRO,-1.052,3,"[1500, 1502, 1504]",-1.6,112.7,0
1502,HIS,-1.095,3,"[1499, 1501, 1503]",-3.2,153.2,2.5
1509,HIS,-0.351,3,"[1504, 1508, 1510]",-3.2,153.2,2.5
1513,LEU,-1.002,3,"[1512, 1514, 1537]",3.8,166.7,0
1516,ARG,-1.075,3,"[1515, 1517, 1540]",-4.5,173.4,1
1517,LEU,-0.58,3,"[1516, 1518, 1542]",3.8,166.7,0
1521,GLY,-0.786,3,"[983, 1520, 1522]",-0.4,60.4,0
1522,PHE,-0.676,3,"[1307, 1521, 1523]",2.8,189.9,0
1523,PHE,-1.061,3,"[1308, 1522, 1524]",2.8,189.9,0
1527,VAL,-0.56,3,"[1526, 1528, 1577]",4.2,140,0
1531,GLU,-1.03,3,"[1530, 1532, 1534]",-3.5,138.4,1
1542,PRO,-0.843,3,"[1517, 1541, 1543]",-1.6,112.7,0
1546,ARG,-1.094,3,"[1379, 1545, 1547]",-4.5,173.4,1
1547,VAL,-0.913,3,"[1540, 1546, 1548]",4.2,140,0
1549,SER,-1.054,3,"[1414, 1548, 1550]",-0.8,89,2.5
1552,GLU,-1.082,3,"[1551, 1553, 1555]",-3.5,138.4,1
1553,CYS,-0.994,3,"[1552, 1554, 1556]",2.5,108.5,0
1554,ALA,-1.002,3,"[1551, 1553, 1555]",1.8,88.6,0
1556,SER,-1.086,3,"[1553, 1555, 1557]",-0.8,89,2.5
1557,GLN,-1.086,3,"[1556, 1558, 1581]",-3.5,143.8,2.5
1558,GLY,-0.995,3,"[1555, 1557, 1559]",-0.4,60.4,0
1560,PRO,-0.236,3,"[1400, 1559, 1561]",-1.6,112.7,0
1565,LEU,-0.638,3,"[1176, 1564, 1566]",3.8,166.7,0
1574,ARG,-1.051,3,"[1528, 1573, 1575]",-4.5,173.4,1
1579,ALA,-1.079,3,"[1578, 1580, 1703]",1.8,88.6,0
1581,PRO,-0.981,3,"[1557, 1580, 1582]",-1.6,112.7,0
1583,PRO,-1.014,3,"[1582, 1584, 1586]",-1.6,112.7,0
1589,GLY,-1.037,3,"[1586, 1588, 1590]",-0.4,60.4,0
1590,LEU,0.8,3,"[1589, 1591, 1593]",3.8,166.7,0
1593,LYS,-0.072,3,"[1590, 1592, 1594]",-3.9,168.6,1
1595,CYS,0.075,3,"[1594, 1596, 1598]",2.5,108.5,0
1598,ALA,0.832,3,"[1595, 1597, 1599]",1.8,88.6,0
1607,LYS,,3,"[1606, 1608, 1610]",-3.9,168.6,1
1609,LYS,,3,"[1608, 1610, 1612]",-3.9,168.6,1
1610,GLU,,3,"[1607, 1609, 1611]",-3.5,138.4,1
1612,GLU,,3,"[1609, 1611, 1613]",-3.5,138.4,1
1703,SAM,,3,"[1146, 1147, 1579]",,,
2,PRO,,2,"[1, 3]",-1.6,112.7,0
3,ALA,,2,"[2, 4]",1.8,88.6,0
4,ARG,,2,"[3, 5]",-4.5,173.4,1
5,THR,,2,"[4, 6]",-0.7,116.1,2.5
6,ALA,,2,"[5, 7]",1.8,88.6,0
7,PRO,,2,"[6, 8]",-1.6,112.7,0
8,ALA,,2,"[7, 9]",1.8,88.6,0
9,ARG,,2,"[8, 10]",-4.5,173.4,1
10,VAL,,2,"[9, 11]",4.2,140,0
11,PRO,,2,"[10, 12]",-1.6,112.7,0
12,THR,,2,"[11, 13]",-0.7,116.1,2.5
13,LEU,,2,"[12, 14]",3.8,166.7,0
14,ALA,,2,"[13, 15]",1.8,88.6,0
15,VAL,,2,"[14, 16]",4.2,140,0
16,PRO,,2,"[15, 17]",-1.6,112.7,0
17,ALA,,2,"[16, 18]",1.8,88.6,0
18,ILE,,2,"[17, 19]",4.5,166.7,0
19,SER,,2,"[18, 20]",-0.8,89,2.5
20,LEU,,2,"[19, 21]",3.8,166.7,0
21,PRO,,2,"[20, 22]",-1.6,112.7,0
24,VAL,,2,"[23, 25]",4.2,140,0
28,LEU,,2,"[27, 29]",3.8,166.7,0
29,LYS,,2,"[28, 30]",-3.9,168.6,1
31,LEU,,2,"[30, 32]",3.8,166.7,0
32,GLU,,2,"[31, 33]",-3.5,138.4,1
33,ARG,,2,"[32, 34]",-4.5,173.4,1
34,ASP,,2,"[33, 35]",-3.5,111.1,1
35,SER,,2,"[34, 36]",-0.8,89,2.5
36,LEU,,2,"[35, 37]",3.8,166.7,0
37,THR,,2,"[36, 38]",-0.7,116.1,2.5
38,GLU,,2,"[37, 39]",-3.5,138.4,1
39,LYS,,2,"[38, 40]",-3.9,168.6,1
41,CYS,,2,"[40, 42]",2.5,108.5,0
42,VAL,,2,"[41, 43]",4.2,140,0
44,GLU,,2,"[43, 45]",-3.5,138.4,1
45,LYS,,2,"[44, 46]",-3.9,168.6,1
46,LEU,,2,"[45, 47]",3.8,166.7,0
47,ASN,,2,"[46, 48]",-3.5,114.1,2.5
48,LEU,,2,"[47, 49]",3.8,166.7,0
49,LEU,,2,"[48, 50]",3.8,166.7,0
50,HIS,,2,"[49, 51]",-3.2,153.2,2.5
51,GLU,,2,"[50, 52]",-3.5,138.4,1
52,PHE,,2,"[51, 53]",2.8,189.9,0
53,LEU,,2,"[52, 54]",3.8,166.7,0
54,GLN,,2,"[53, 55]",-3.5,143.8,2.5
55,THR,,2,"[54, 56]",-0.7,116.1,2.5
56,GLU,,2,"[55, 57]",-3.5,138.4,1
58,LYS,,2,"[57, 59]",-3.9,168.6,1
59,ASN,,2,"[58, 60]",-3.5,114.1,2.5
62,CYS,,2,"[61, 63]",2.5,108.5,0
66,THR,,2,"[65, 67]",-0.7,116.1,2.5
69,ARG,,2,"[68, 70]",-4.5,173.4,1
70,LYS,,2,"[69, 71]",-3.9,168.6,1
71,GLU,,2,"[70, 72]",-3.5,138.4,1
72,GLU,,2,"[71, 73]",-3.5,138.4,1
75,GLU,,2,"[74, 76]",-3.5,138.4,1
76,GLU,,2,"[75, 77]",-3.5,138.4,1
78,TYR,,2,"[77, 79]",-1.3,193.6,2.5
79,LEU,,2,"[78, 80]",3.8,166.7,0
80,ALA,,2,"[79, 81]",1.8,88.6,0
82,VAL,,2,"[81, 83]",4.2,140,0
83,LYS,,2,"[82, 84]",-3.9,168.6,1
85,LEU,,2,"[84, 86]",3.8,166.7,0
86,LEU,,2,"[85, 87]",3.8,166.7,0
87,ASN,,2,"[86, 88]",-3.5,114.1,2.5
88,LYS,,2,"[87, 89]",-3.9,168.6,1
89,ASP,,2,"[88, 90]",-3.5,111.1,1
90,LEU,,2,"[89, 91]",3.8,166.7,0
91,SER,,2,"[90, 92]",-0.8,89,2.5
92,LEU,,2,"[91, 93]",3.8,166.7,0
93,GLU,,2,"[92, 94]",-3.5,138.4,1
94,ASN,,2,"[93, 95]",-3.5,114.1,2.5
95,GLY,,2,"[94, 96]",-0.4,60.4,0
96,ALA,,2,"[95, 97]",1.8,88.6,0
97,HIS,,2,"[96, 98]",-3.2,153.2,2.5
98,ALA,,2,"[97, 99]",1.8,88.6,0
99,TYR,,2,"[98, 100]",-1.3,193.6,2.5
100,ASN,,2,"[99, 101]",-3.5,114.1,2.5
101,ARG,,2,"[100, 102]",-4.5,173.4,1
102,GLU,,2,"[101, 103]",-3.5,138.4,1
103,VAL,,2,"[102, 104]",4.2,140,0
104,ASN,,2,"[103, 105]",-3.5,114.1,2.5
105,GLY,,2,"[104, 106]",-0.4,60.4,0
106,ARG,,2,"[105, 107]",-4.5,173.4,1
107,LEU,,2,"[106, 108]",3.8,166.7,0
108,GLU,,2,"[107, 109]",-3.5,138.4,1
109,ASN,,2,"[108, 110]",-3.5,114.1,2.5
110,GLY,,2,"[109, 111]",-0.4,60.4,0
111,ASN,,2,"[110, 112]",-3.5,114.1,2.5
112,GLN,,2,"[111, 113]",-3.5,143.8,2.5
113,ALA,,2,"[112, 114]",1.8,88.6,0
114,ARG,,2,"[113, 115]",-4.5,173.4,1
115,SER,,2,"[114, 116]",-0.8,89,2.5
116,GLU,,2,"[115, 117]",-3.5,138.4,1
117,ALA,,2,"[116, 118]",1.8,88.6,0
118,ARG,,2,"[117, 119]",-4.5,173.4,1
119,ARG,,2,"[118, 120]",-4.5,173.4,1
120,VAL,,2,"[119, 121]",4.2,140,0
121,GLY,,2,"[120, 122]",-0.4,60.4,0
122,MET,,2,"[121, 123]",1.9,162.9,0
123,ALA,,2,"[122, 124]",1.8,88.6,0
125,ALA,,2,"[124, 126]",1.8,88.6,0
126,ASN,,2,"[125, 127]",-3.5,114.1,2.5
127,SER,,2,"[126, 128]",-0.8,89,2.5
128,PRO,,2,"[127, 129]",-1.6,112.7,0
129,PRO,,2,"[128, 130]",-1.6,112.7,0
130,LYS,,2,"[129, 131]",-3.9,168.6,1
131,PRO,,2,"[130, 132]",-1.6,112.7,0
132,LEU,,2,"[131, 133]",3.8,166.7,0
133,SER,,2,"[132, 134]",-0.8,89,2.5
134,LYS,,2,"[133, 135]",-3.9,168.6,1
135,PRO,,2,"[134, 136]",-1.6,112.7,0
136,ARG,,2,"[135, 137]",-4.5,173.4,1
137,THR,,2,"[136, 138]",-0.7,116.1,2.5
138,PRO,,2,"[137, 139]",-1.6,112.7,0
139,ARG,,2,"[138, 140]",-4.5,173.4,1
140,ARG,,2,"[139, 141]",-4.5,173.4,1
141,SER,,2,"[140, 142]",-0.8,89,2.5
142,LYS,,2,"[141, 143]",-3.9,168.6,1
143,SER,,2,"[142, 144]",-0.8,89,2.5
144,ASP,,2,"[143, 145]",-3.5,111.1,1
145,GLY,,2,"[144, 146]",-0.4,60.4,0
146,GLU,,2,"[145, 147]",-3.5,138.4,1
147,ALA,,2,"[146, 148]",1.8,88.6,0
148,LYS,,2,"[147, 149]",-3.9,168.6,1
149,PRO,,2,"[148, 150]",-1.6,112.7,0
150,GLU,,2,"[149, 151]",-3.5,138.4,1
151,PRO,,2,"[150, 152]",-1.6,112.7,0
152,SER,,2,"[151, 153]",-0.8,89,2.5
153,PRO,,2,"[152, 154]",-1.6,112.7,0
154,SER,,2,"[153, 155]",-0.8,89,2.5
155,PRO,,2,"[154, 156]",-1.6,112.7,0
156,ARG,,2,"[155, 157]",-4.5,173.4,1
157,ILE,,2,"[156, 158]",4.5,166.7,0
158,THR,,2,"[157, 159]",-0.7,116.1,2.5
159,ARG,,2,"[158, 160]",-4.5,173.4,1
160,LYS,,2,"[159, 161]",-3.9,168.6,1
161,SER,,2,"[160, 162]",-0.8,89,2.5
163,ARG,,2,"[162, 164]",-4.5,173.4,1
164,GLN,,2,"[163, 165]",-3.5,143.8,2.5
165,THR,,2,"[164, 166]",-0.7,116.1,2.5
166,THR,,2,"[165, 167]",-0.7,116.1,2.5
167,ILE,,2,"[166, 168]",4.5,166.7,0
168,THR,,2,"[167, 169]",-0.7,116.1,2.5
169,SER,,2,"[168, 170]",-0.8,89,2.5
170,HIS,,2,"[169, 171]",-3.2,153.2,2.5
171,PHE,,2,"[170, 172]",2.8,189.9,0
172,ALA,,2,"[171, 173]",1.8,88.6,0
173,LYS,,2,"[172, 174]",-3.9,168.6,1
175,PRO,,2,"[174, 176]",-1.6,112.7,0
176,ALA,,2,"[175, 177]",1.8,88.6,0
177,LYS,,2,"[176, 178]",-3.9,168.6,1
178,ARG,,2,"[177, 179]",-4.5,173.4,1
179,LYS,,2,"[178, 180]",-3.9,168.6,1
180,PRO,,2,"[179, 181]",-1.6,112.7,0
181,GLN,,2,"[180, 182]",-3.5,143.8,2.5
182,GLU,,2,"[181, 183]",-3.5,138.4,1
183,GLU,,2,"[182, 184]",-3.5,138.4,1
184,SER,,2,"[183, 185]",-0.8,89,2.5
185,GLU,,2,"[184, 186]",-3.5,138.4,1
186,ARG,,2,"[185, 187]",-4.5,173.4,1
187,ALA,,2,"[186, 188]",1.8,88.6,0
188,LYS,,2,"[187, 189]",-3.9,168.6,1
189,SER,,2,"[188, 190]",-0.8,89,2.5
190,ASP,,2,"[189, 191]",-3.5,111.1,1
191,GLU,,2,"[190, 192]",-3.5,138.4,1
192,SER,,2,"[191, 193]",-0.8,89,2.5
193,ILE,,2,"[192, 194]",4.5,166.7,0
194,LYS,,2,"[193, 195]",-3.9,168.6,1
195,GLU,,2,"[194, 196]",-3.5,138.4,1
196,GLU,,2,"[195, 197]",-3.5,138.4,1
197,ASP,,2,"[196, 198]",-3.5,111.1,1
198,LYS,,2,"[197, 199]",-3.9,168.6,1
199,ASP,,2,"[198, 200]",-3.5,111.1,1
200,GLN,,2,"[199, 201]",-3.5,143.8,2.5
201,ASP,,2,"[200, 202]",-3.5,111.1,1
202,GLU,,2,"[201, 203]",-3.5,138.4,1
203,LYS,,2,"[202, 204]",-3.9,168.6,1
204,ARG,,2,"[203, 205]",-4.5,173.4,1
205,ARG,,2,"[204, 206]",-4.5,173.4,1
206,ARG,,2,"[205, 207]",-4.5,173.4,1
207,VAL,,2,"[206, 208]",4.2,140,0
208,THR,,2,"[207, 209]",-0.7,116.1,2.5
209,SER,,2,"[208, 210]",-0.8,89,2.5
210,ARG,,2,"[209, 211]",-4.5,173.4,1
211,GLU,,2,"[210, 212]",-3.5,138.4,1
212,ARG,,2,"[211, 213]",-4.5,173.4,1
213,VAL,,2,"[212, 214]",4.2,140,0
214,ALA,,2,"[213, 215]",1.8,88.6,0
215,ARG,,2,"[214, 216]",-4.5,173.4,1
216,PRO,,2,"[215, 217]",-1.6,112.7,0
217,LEU,,2,"[216, 218]",3.8,166.7,0
218,PRO,,2,"[217, 219]",-1.6,112.7,0
219,ALA,,2,"[218, 220]",1.8,88.6,0
220,GLU,,2,"[219, 221]",-3.5,138.4,1
221,GLU,,2,"[220, 222]",-3.5,138.4,1
222,PRO,,2,"[221, 223]",-1.6,112.7,0
223,GLU,,2,"[222, 224]",-3.5,138.4,1
224,ARG,,2,"[223, 225]",-4.5,173.4,1
225,ALA,,2,"[224, 226]",1.8,88.6,0
226,LYS,,2,"[225, 227]",-3.9,168.6,1
227,SER,,2,"[226, 228]",-0.8,89,2.5
228,GLY,,2,"[227, 229]",-0.4,60.4,0
229,THR,,2,"[228, 230]",-0.7,116.1,2.5
230,ARG,,2,"[229, 231]",-4.5,173.4,1
231,THR,,2,"[230, 232]",-0.7,116.1,2.5
232,GLU,,2,"[231, 233]",-3.5,138.4,1
233,LYS,,2,"[232, 234]",-3.9,168.6,1
234,GLU,,2,"[233, 235]",-3.5,138.4,1
235,GLU,,2,"[234, 236]",-3.5,138.4,1
236,GLU,,2,"[235, 237]",-3.5,138.4,1
237,ARG,,2,"[236, 238]",-4.5,173.4,1
238,ASP,,2,"[237, 239]",-3.5,111.1,1
239,GLU,,2,"[238, 240]",-3.5,138.4,1
240,LYS,,2,"[239, 241]",-3.9,168.6,1
241,GLU,,2,"[240, 242]",-3.5,138.4,1
242,GLU,,2,"[241, 243]",-3.5,138.4,1
243,LYS,,2,"[242, 244]",-3.9,168.6,1
244,ARG,,2,"[243, 245]",-4.5,173.4,1
245,LEU,,2,"[244, 246]",3.8,166.7,0
246,ARG,,2,"[245, 247]",-4.5,173.4,1
247,SER,,2,"[246, 248]",-0.8,89,2.5
248,GLN,,2,"[247, 249]",-3.5,143.8,2.5
249,THR,,2,"[248, 250]",-0.7,116.1,2.5
250,LYS,,2,"[249, 251]",-3.9,168.6,1
251,GLU,,2,"[250, 252]",-3.5,138.4,1
252,PRO,,2,"[251, 253]",-1.6,112.7,0
253,THR,,2,"[252, 254]",-0.7,116.1,2.5
254,PRO,,2,"[253, 255]",-1.6,112.7,0
255,LYS,,2,"[254, 256]",-3.9,168.6,1
256,GLN,,2,"[255, 257]",-3.5,143.8,2.5
257,LYS,,2,"[256, 258]",-3.9,168.6,1
258,LEU,,2,"[257, 259]",3.8,166.7,0
259,LYS,,2,"[258, 260]",-3.9,168.6,1
260,GLU,,2,"[259, 261]",-3.5,138.4,1
261,GLU,,2,"[260, 262]",-3.5,138.4,1
262,PRO,,2,"[261, 263]",-1.6,112.7,0
263,ASP,,2,"[262, 264]",-3.5,111.1,1
264,ARG,,2,"[263, 265]",-4.5,173.4,1
265,GLU,,2,"[264, 266]",-3.5,138.4,1
266,ALA,,2,"[265, 267]",1.8,88.6,0
267,ARG,,2,"[266, 268]",-4.5,173.4,1
268,ALA,,2,"[267, 269]",1.8,88.6,0
269,GLY,,2,"[268, 270]",-0.4,60.4,0
270,VAL,,2,"[269, 271]",4.2,140,0
271,GLN,,2,"[270, 272]",-3.5,143.8,2.5
272,ALA,,2,"[271, 273]",1.8,88.6,0
273,ASP,,2,"[272, 274]",-3.5,111.1,1
274,GLU,,2,"[273, 275]",-3.5,138.4,1
275,ASP,,2,"[274, 276]",-3.5,111.1,1
276,GLU,,2,"[275, 277]",-3.5,138.4,1
277,ASP,,2,"[276, 278]",-3.5,111.1,1
278,GLY,,2,"[277, 279]",-0.4,60.4,0
279,ASP,,2,"[278, 280]",-3.5,111.1,1
280,GLU,,2,"[279, 281]",-3.5,138.4,1
281,LYS,,2,"[280, 282]",-3.9,168.6,1
282,ASP,,2,"[281, 283]",-3.5,111.1,1
283,GLU,,2,"[282, 284]",-3.5,138.4,1
284,LYS,,2,"[283, 285]",-3.9,168.6,1
285,LYS,,2,"[284, 286]",-3.9,168.6,1
286,HIS,,2,"[285, 287]",-3.2,153.2,2.5
287,ARG,,2,"[286, 288]",-4.5,173.4,1
288,SER,,2,"[287, 289]",-0.8,89,2.5
289,GLN,,2,"[288, 290]",-3.5,143.8,2.5
290,PRO,,2,"[289, 291]",-1.6,112.7,0
291,LYS,,2,"[290, 292]",-3.9,168.6,1
292,ASP,,2,"[291, 293]",-3.5,111.1,1
293,LEU,,2,"[292, 294]",3.8,166.7,0
294,ALA,,2,"[293, 295]",1.8,88.6,0
295,ALA,,2,"[294, 296]",1.8,88.6,0
296,LYS,,2,"[295, 297]",-3.9,168.6,1
297,ARG,,2,"[296, 298]",-4.5,173.4,1
298,ARG,,2,"[297, 299]",-4.5,173.4,1
299,PRO,,2,"[298, 300]",-1.6,112.7,0
301,GLU,,2,"[300, 302]",-3.5,138.4,1
302,LYS,,2,"[301, 303]",-3.9,168.6,1
303,GLU,,2,"[302, 304]",-3.5,138.4,1
304,PRO,,2,"[303, 305]",-1.6,112.7,0
305,GLU,,2,"[304, 306]",-3.5,138.4,1
306,LYS,,2,"[305, 307]",-3.9,168.6,1
307,VAL,,2,"[306, 308]",4.2,140,0
308,ASN,,2,"[307, 309]",-3.5,114.1,2.5
309,PRO,,2,"[308, 310]",-1.6,112.7,0
310,GLN,,2,"[309, 311]",-3.5,143.8,2.5
311,ILE,,2,"[310, 312]",4.5,166.7,0
312,SER,,2,"[311, 313]",-0.8,89,2.5
313,ASP,,2,"[312, 314]",-3.5,111.1,1
314,GLU,,2,"[313, 315]",-3.5,138.4,1
315,LYS,,2,"[314, 316]",-3.9,168.6,1
316,ASP,,2,"[315, 317]",-3.5,111.1,1
317,GLU,,2,"[316, 318]",-3.5,138.4,1
318,ASP,,2,"[317, 319]",-3.5,111.1,1
319,GLU,,2,"[318, 320]",-3.5,138.4,1
320,LYS,,2,"[319, 321]",-3.9,168.6,1
321,GLU,,2,"[320, 322]",-3.5,138.4,1
322,GLU,,2,"[321, 323]",-3.5,138.4,1
323,LYS,,2,"[322, 324]",-3.9,168.6,1
324,ARG,,2,"[323, 325]",-4.5,173.4,1
325,ARG,,2,"[324, 326]",-4.5,173.4,1
326,LYS,,2,"[325, 327]",-3.9,168.6,1
327,THR,,2,"[326, 328]",-0.7,116.1,2.5
328,THR,,2,"[327, 329]",-0.7,116.1,2.5
329,PRO,,2,"[328, 330]",-1.6,112.7,0
330,LYS,,2,"[329, 331]",-3.9,168.6,1
331,GLU,,2,"[330, 332]",-3.5,138.4,1
332,PRO,,2,"[331, 333]",-1.6,112.7,0
333,THR,,2,"[332, 334]",-0.7,116.1,2.5
334,GLU,,2,"[333, 335]",-3.5,138.4,1
335,LYS,,2,"[334, 336]",-3.9,168.6,1
336,LYS,,2,"[335, 337]",-3.9,168.6,1
337,MET,,2,"[336, 338]",1.9,162.9,0
338,ALA,,2,"[337, 339]",1.8,88.6,0
339,ARG,,2,"[338, 340]",-4.5,173.4,1
340,ALA,,2,"[339, 341]",1.8,88.6,0
341,LYS,,2,"[340, 342]",-3.9,168.6,1
344,MET,,2,"[343, 345]",1.9,162.9,0
345,ASN,,2,"[344, 346]",-3.5,114.1,2.5
346,SER,,2,"[345, 347]",-0.8,89,2.5
347,LYS,,2,"[346, 348]",-3.9,168.6,1
349,HIS,,2,"[348, 350]",-3.2,153.2,2.5
351,PRO,0.461,2,"[350, 352]",-1.6,112.7,0
354,ILE,2.929,2,"[353, 355]",4.5,166.7,0
355,GLN,1.137,2,"[354, 356]",-3.5,143.8,2.5
356,CYS,-1.378,2,"[355, 357]",2.5,108.5,0
358,GLN,-1.216,2,"[357, 359]",-3.5,143.8,2.5
360,LEU,-0.12,2,"[359, 361]",3.8,166.7,0
361,ASP,0.708,2,"[360, 362]",-3.5,111.1,1
362,ASP,0.298,2,"[361, 363]",-3.5,111.1,1
363,PRO,1.797,2,"[362, 364]",-1.6,112.7,0
364,ASP,0.883,2,"[363, 365]",-3.5,111.1,1
365,LEU,0.348,2,"[364, 366]",3.8,166.7,0
367,TYR,-0.224,2,"[366, 368]",-1.3,193.6,2.5
368,GLY,1.95,2,"[367, 369]",-0.4,60.4,0
369,GLN,-0.671,2,"[368, 370]",-3.5,143.8,2.5
370,HIS,-0.614,2,"[369, 371]",-3.2,153.2,2.5
371,PRO,-0.035,2,"[370, 372]",-1.6,112.7,0
372,PRO,1.234,2,"[371, 373]",-1.6,112.7,0
373,ASP,0.851,2,"[372, 374]",-3.5,111.1,1
376,ASP,0.054,2,"[375, 377]",-3.5,111.1,1
377,GLU,-1.387,2,"[376, 378]",-3.5,138.4,1
378,PRO,2.247,2,"[377, 379]",-1.6,112.7,0
379,GLN,0.372,2,"[378, 380]",-3.5,143.8,2.5
380,MET,-0.947,2,"[379, 381]",1.9,162.9,0
381,LEU,-1.171,2,"[380, 382]",3.8,166.7,0
382,THR,-0.572,2,"[381, 383]",-0.7,116.1,2.5
383,ASN,-0.505,2,"[382, 384]",-3.5,114.1,2.5
384,GLU,0.431,2,"[383, 385]",-3.5,138.4,1
385,LYS,1.066,2,"[384, 386]",-3.9,168.6,1
387,SER,-0.49,2,"[386, 388]",-0.8,89,2.5
388,ILE,0.368,2,"[387, 389]",4.5,166.7,0
389,PHE,0.486,2,"[388, 390]",2.8,189.9,0
390,ASP,0.138,2,"[389, 391]",-3.5,111.1,1
391,ALA,0.113,2,"[390, 392]",1.8,88.6,0
392,ASN,1.275,2,"[391, 393]",-3.5,114.1,2.5
393,GLU,-0.169,2,"[392, 394]",-3.5,138.4,1
394,SER,1.954,2,"[393, 395]",-0.8,89,2.5
395,GLY,2.917,2,"[394, 396]",-0.4,60.4,0
396,PHE,1.226,2,"[395, 397]",2.8,189.9,0
397,GLU,1.828,2,"[396, 398]",-3.5,138.4,1
398,SER,0.38,2,"[397, 399]",-0.8,89,2.5
399,TYR,2.367,2,"[398, 400]",-1.3,193.6,2.5
400,GLU,-0.118,2,"[399, 401]",-3.5,138.4,1
401,ALA,0.951,2,"[400, 402]",1.8,88.6,0
403,PRO,-0.997,2,"[402, 404]",-1.6,112.7,0
411,SER,-0.572,2,"[410, 412]",-0.8,89,2.5
415,LYS,0.541,2,"[414, 416]",-3.9,168.6,1
416,HIS,1.1,2,"[415, 417]",-3.2,153.2,2.5
417,GLY,-0.404,2,"[416, 418]",-0.4,60.4,0
420,CYS,-0.649,2,"[419, 421]",2.5,108.5,0
421,PRO,0.353,2,"[420, 422]",-1.6,112.7,0
422,ILE,-0.639,2,"[421, 423]",4.5,166.7,0
423,ASP,-1.278,2,"[422, 424]",-3.5,111.1,1
424,THR,0.134,2,"[423, 425]",-0.7,116.1,2.5
425,GLY,-1.17,2,"[424, 426]",-0.4,60.4,0
426,LEU,-0.845,2,"[425, 427]",3.8,166.7,0
428,GLU,-0.991,2,"[427, 429]",-3.5,138.4,1
429,LYS,0.59,2,"[428, 430]",-3.9,168.6,1
431,ILE,0.289,2,"[430, 432]",4.5,166.7,0
432,GLU,1.471,2,"[431, 433]",-3.5,138.4,1
443,TYR,0.277,2,"[442, 444]",-1.3,193.6,2.5
444,ASP,-0.066,2,"[443, 445]",-3.5,111.1,1
445,ASP,-0.042,2,"[444, 446]",-3.5,111.1,1
446,ASP,0.008,2,"[445, 447]",-3.5,111.1,1
447,PRO,1.292,2,"[446, 448]",-1.6,112.7,0
448,SER,0.207,2,"[447, 449]",-0.8,89,2.5
449,LEU,2.607,2,"[448, 450]",3.8,166.7,0
450,GLU,0.487,2,"[449, 451]",-3.5,138.4,1
451,GLY,0.352,2,"[450, 452]",-0.4,60.4,0
457,ASN,0.446,2,"[456, 458]",-3.5,114.1,2.5
462,ASN,-0.296,2,"[461, 463]",-3.5,114.1,2.5
463,GLU,-0.69,2,"[462, 464]",-3.5,138.4,1
465,TRP,0.764,2,"[464, 466]",-0.9,227.8,1
467,THR,-0.323,2,"[466, 468]",-0.7,116.1,2.5
468,GLY,-1.271,2,"[467, 469]",-0.4,60.4,0
469,PHE,-0.537,2,"[468, 470]",2.8,189.9,0
470,ASP,-1.206,2,"[469, 471]",-3.5,111.1,1
471,GLY,-0.718,2,"[470, 472]",-0.4,60.4,0
472,GLY,-1.068,2,"[471, 473]",-0.4,60.4,0
473,GLU,0.055,2,"[472, 474]",-3.5,138.4,1
474,LYS,1.197,2,"[473, 475]",-3.9,168.6,1
475,ALA,-0.364,2,"[474, 476]",1.8,88.6,0
476,LEU,0.148,2,"[475, 477]",3.8,166.7,0
481,THR,-1.255,2,"[480, 482]",-0.7,116.1,2.5
482,SER,0.301,2,"[481, 483]",-0.8,89,2.5
483,PHE,0.995,2,"[482, 484]",2.8,189.9,0
493,PRO,1.689,2,"[492, 494]",-1.6,112.7,0
494,GLU,1.44,2,"[493, 495]",-3.5,138.4,1
495,TYR,-1.382,2,"[494, 496]",-1.3,193.6,2.5
496,ALA,1.119,2,"[495, 497]",1.8,88.6,0
497,PRO,0.428,2,"[496, 498]",-1.6,112.7,0
498,ILE,1.23,2,"[497, 499]",4.5,166.7,0
499,PHE,-0.252,2,"[498, 500]",2.8,189.9,0
500,GLY,1.369,2,"[499, 501]",-0.4,60.4,0
501,LEU,0.822,2,"[500, 502]",3.8,166.7,0
502,MET,-0.069,2,"[501, 503]",1.9,162.9,0
503,GLN,1.519,2,"[502, 504]",-3.5,143.8,2.5
504,GLU,-0.541,2,"[503, 505]",-3.5,138.4,1
505,LYS,-1.29,2,"[504, 506]",-3.9,168.6,1
506,ILE,-0.389,2,"[505, 507]",4.5,166.7,0
508,ILE,-0.147,2,"[507, 509]",4.5,166.7,0
511,ILE,0.924,2,"[510, 512]",4.5,166.7,0
512,VAL,-0.907,2,"[511, 513]",4.2,140,0
513,VAL,-1.028,2,"[512, 514]",4.2,140,0
514,GLU,-1.139,2,"[513, 515]",-3.5,138.4,1
515,PHE,0.401,2,"[514, 516]",2.8,189.9,0
516,LEU,-0.643,2,"[515, 517]",3.8,166.7,0
517,GLN,0.598,2,"[516, 518]",-3.5,143.8,2.5
518,SER,1.028,2,"[517, 519]",-0.8,89,2.5
519,ASN,-0.059,2,"[518, 520]",-3.5,114.1,2.5
520,SER,1.808,2,"[519, 521]",-0.8,89,2.5
521,ASP,0.612,2,"[520, 522]",-3.5,111.1,1
522,SER,0.307,2,"[521, 523]",-0.8,89,2.5
525,GLU,-1.267,2,"[524, 526]",-3.5,138.4,1
526,ASP,-0.889,2,"[525, 527]",-3.5,111.1,1
529,ASN,-0.328,2,"[528, 530]",-3.5,114.1,2.5
532,GLU,0.049,2,"[531, 533]",-3.5,138.4,1
533,THR,0.264,2,"[532, 534]",-0.7,116.1,2.5
534,THR,0.33,2,"[533, 535]",-0.7,116.1,2.5
535,VAL,0.153,2,"[534, 536]",4.2,140,0
536,PRO,-0.239,2,"[535, 537]",-1.6,112.7,0
537,PRO,-0.766,2,"[536, 538]",-1.6,112.7,0
538,SER,1.484,2,"[537, 539]",-0.8,89,2.5
539,GLY,1.073,2,"[538, 540]",-0.4,60.4,0
540,LEU,0.586,2,"[539, 541]",3.8,166.7,0
541,ASN,-0.029,2,"[540, 542]",-3.5,114.1,2.5
542,LEU,1.453,2,"[541, 543]",3.8,166.7,0
543,ASN,1.636,2,"[542, 544]",-3.5,114.1,2.5
544,ARG,2.622,2,"[543, 545]",-4.5,173.4,1
545,PHE,0.325,2,"[544, 546]",2.8,189.9,0
547,GLU,-1.04,2,"[546, 548]",-3.5,138.4,1
550,LEU,-1.053,2,"[549, 551]",3.8,166.7,0
552,ARG,-0.058,2,"[551, 553]",-4.5,173.4,1
553,HIS,-0.858,2,"[552, 554]",-3.2,153.2,2.5
556,PHE,-1.254,2,"[555, 557]",2.8,189.9,0
558,VAL,-0.492,2,"[557, 559]",4.2,140,0
559,GLU,-0.37,2,"[558, 560]",-3.5,138.4,1
561,VAL,-0.983,2,"[560, 562]",4.2,140,0
562,GLU,1.159,2,"[561, 563]",-3.5,138.4,1
564,TYR,-0.171,2,"[563, 565]",-1.3,193.6,2.5
565,ASP,-1.246,2,"[564, 566]",-3.5,111.1,1
566,GLU,2.827,2,"[565, 567]",-3.5,138.4,1
567,ALA,-0.088,2,"[566, 568]",1.8,88.6,0
568,GLY,0.136,2,"[567, 569]",-0.4,60.4,0
569,ASP,0.912,2,"[568, 570]",-3.5,111.1,1
570,SER,2.807,2,"[569, 571]",-0.8,89,2.5
571,ASP,0.112,2,"[570, 572]",-3.5,111.1,1
572,GLU,-0.122,2,"[571, 573]",-3.5,138.4,1
573,GLN,2.928,2,"[572, 574]",-3.5,143.8,2.5
574,PRO,0.745,2,"[573, 575]",-1.6,112.7,0
575,ILE,-0.59,2,"[574, 576]",4.5,166.7,0
576,PHE,-0.404,2,"[575, 577]",2.8,189.9,0
577,LEU,0.263,2,"[576, 578]",3.8,166.7,0
578,THR,-0.108,2,"[577, 579]",-0.7,116.1,2.5
583,ASP,0.229,2,"[582, 584]",-3.5,111.1,1
585,ILE,-0.536,2,"[584, 586]",4.5,166.7,0
586,LYS,0.717,2,"[585, 587]",-3.9,168.6,1
587,LEU,-0.733,2,"[586, 588]",3.8,166.7,0
589,GLY,-1.109,2,"[588, 590]",-0.4,60.4,0
590,VAL,-0.775,2,"[589, 591]",4.2,140,0
591,THR,-0.431,2,"[590, 592]",-0.7,116.1,2.5
593,GLY,0.446,2,"[592, 594]",-0.4,60.4,0
596,ARG,0.208,2,"[595, 597]",-4.5,173.4,1
598,GLN,0.462,2,"[597, 599]",-3.5,143.8,2.5
600,ARG,-0.229,2,"[599, 601]",-4.5,173.4,1
601,ARG,0.229,2,"[600, 602]",-4.5,173.4,1
603,THR,-0.015,2,"[602, 604]",-0.7,116.1,2.5
605,ARG,0.11,2,"[604, 606]",-4.5,173.4,1
608,THR,0.37,2,"[607, 609]",-0.7,116.1,2.5
609,ARG,0.378,2,"[608, 610]",-4.5,173.4,1
611,LYS,,2,"[610, 612]",-3.9,168.6,1
612,ASP,,2,"[611, 613]",-3.5,111.1,1
613,ARG,,2,"[612, 614]",-4.5,173.4,1
614,GLY,,2,"[613, 615]",-0.4,60.4,0
616,THR,-0.518,2,"[615, 617]",-0.7,116.1,2.5
617,LYS,-0.665,2,"[616, 618]",-3.9,168.6,1
620,THR,-0.941,2,"[619, 621]",-0.7,116.1,2.5
621,THR,-1.096,2,"[620, 622]",-0.7,116.1,2.5
622,LYS,0.361,2,"[621, 623]",-3.9,168.6,1
623,LEU,-1.001,2,"[622, 624]",3.8,166.7,0
625,TYR,0.552,2,"[624, 626]",-1.3,193.6,2.5
628,PHE,-0.968,2,"[627, 629]",2.8,189.9,0
630,THR,0.224,2,"[629, 631]",-0.7,116.1,2.5
631,PHE,-0.271,2,"[630, 632]",2.8,189.9,0
632,PHE,-1.059,2,"[631, 633]",2.8,189.9,0
634,GLU,0.458,2,"[633, 635]",-3.5,138.4,1
635,GLN,-0.918,2,"[634, 636]",-3.5,143.8,2.5
636,ILE,-0.425,2,"[635, 637]",4.5,166.7,0
637,GLU,0.146,2,"[636, 638]",-3.5,138.4,1
639,ASP,,2,"[638, 640]",-3.5,111.1,1
640,ASP,,2,"[639, 641]",-3.5,111.1,1
641,ARG,,2,"[640, 642]",-4.5,173.4,1
642,GLU,,2,"[641, 643]",-3.5,138.4,1
643,ASP,,2,"[642, 644]",-3.5,111.1,1
644,LYS,,2,"[643, 645]",-3.9,168.6,1
645,GLU,,2,"[644, 646]",-3.5,138.4,1
647,ALA,2.402,2,"[646, 648]",1.8,88.6,0
648,PHE,2.863,2,"[647, 649]",2.8,189.9,0
650,ARG,-0.602,2,"[649, 651]",-4.5,173.4,1
651,ARG,0.283,2,"[650, 652]",-4.5,173.4,1
652,ARG,-0.898,2,"[651, 653]",-4.5,173.4,1
653,CYS,-0.956,2,"[652, 654]",2.5,108.5,0
655,VAL,-0.288,2,"[654, 656]",4.2,140,0
656,CYS,-1.001,2,"[655, 657]",2.5,108.5,0
658,VAL,0.109,2,"[657, 659]",4.2,140,0
661,GLN,0.209,2,"[660, 662]",-3.5,143.8,2.5
662,PRO,-0.029,2,"[661, 663]",-1.6,112.7,0
663,GLU,-0.817,2,"[662, 664]",-3.5,138.4,1
664,CYS,-0.953,2,"[663, 665]",2.5,108.5,0
666,LYS,0.611,2,"[665, 667]",-3.9,168.6,1
667,CYS,-0.944,2,"[666, 668]",2.5,108.5,0
669,ALA,0.323,2,"[668, 670]",1.8,88.6,0
675,LYS,-1.051,2,"[674, 676]",-3.9,168.6,1
676,PHE,-0.999,2,"[675, 677]",2.8,189.9,0
679,SER,0.385,2,"[678, 680]",-0.8,89,2.5
681,ARG,0.168,2,"[680, 682]",-4.5,173.4,1
682,SER,-0.023,2,"[681, 683]",-0.8,89,2.5
683,LYS,-0.869,2,"[682, 684]",-3.9,168.6,1
684,GLN,-0.943,2,"[683, 685]",-3.5,143.8,2.5
685,ALA,-0.47,2,"[684, 686]",1.8,88.6,0
686,CYS,-0.911,2,"[685, 687]",2.5,108.5,0
687,GLN,1.473,2,"[686, 688]",-3.5,143.8,2.5
688,GLU,0.849,2,"[687, 689]",-3.5,138.4,1
689,ARG,-0.971,2,"[688, 690]",-4.5,173.4,1
690,ARG,-0.375,2,"[689, 691]",-4.5,173.4,1
691,CYS,-1.088,2,"[690, 692]",2.5,108.5,0
693,ASN,-0.772,2,"[692, 694]",-3.5,114.1,2.5
694,MET,-0.417,2,"[693, 695]",1.9,162.9,0
703,GLU,-0.034,2,"[702, 704]",-3.5,138.4,1
704,GLU,1.802,2,"[703, 705]",-3.5,138.4,1
705,VAL,0.943,2,"[704, 706]",4.2,140,0
706,ASP,0.523,2,"[705, 707]",-3.5,111.1,1
707,ASP,0.289,2,"[706, 708]",-3.5,111.1,1
708,ASN,1.553,2,"[707, 709]",-3.5,114.1,2.5
709,ILE,1.124,2,"[708, 710]",4.5,166.7,0
710,PRO,2.985,2,"[709, 711]",-1.6,112.7,0
711,GLU,2.985,2,"[710, 712]",-3.5,138.4,1
712,MET,1.599,2,"[711, 713]",1.9,162.9,0
713,PRO,1.532,2,"[712, 714]",-1.6,112.7,0
714,SER,1.3,2,"[713, 715]",-0.8,89,2.5
715,PRO,2.044,2,"[714, 716]",-1.6,112.7,0
716,LYS,1.092,2,"[715, 717]",-3.9,168.6,1
717,LYS,1.136,2,"[716, 718]",-3.9,168.6,1
718,MET,1.647,2,"[717, 719]",1.9,162.9,0
719,HIS,1.619,2,"[718, 720]",-3.2,153.2,2.5
720,GLN,1.441,2,"[719, 721]",-3.5,143.8,2.5
721,GLY,1.585,2,"[720, 722]",-0.4,60.4,0
722,LYS,0.347,2,"[721, 723]",-3.9,168.6,1
726,GLN,0.525,2,"[725, 727]",-3.5,143.8,2.5
727,ASN,1.334,2,"[726, 728]",-3.5,114.1,2.5
728,LYS,0.407,2,"[727, 729]",-3.9,168.6,1
729,ASN,1.02,2,"[728, 730]",-3.5,114.1,2.5
732,SER,1.483,2,"[731, 733]",-0.8,89,2.5
735,GLY,0.021,2,"[734, 736]",-0.4,60.4,0
736,GLU,0.96,2,"[735, 737]",-3.5,138.4,1
738,VAL,2.504,2,"[737, 739]",4.2,140,0
739,LYS,1.541,2,"[738, 740]",-3.9,168.6,1
741,ASP,0.843,2,"[740, 742]",-3.5,111.1,1
742,GLY,1.242,2,"[741, 743]",-0.4,60.4,0
748,LYS,1.033,2,"[747, 749]",-3.9,168.6,1
753,ASP,-0.26,2,"[752, 754]",-3.5,111.1,1
754,ALA,1.443,2,"[753, 755]",1.8,88.6,0
755,GLU,0.305,2,"[754, 756]",-3.5,138.4,1
757,LEU,0.207,2,"[756, 758]",3.8,166.7,0
759,VAL,1.534,2,"[758, 760]",4.2,140,0
760,GLY,-0.417,2,"[759, 761]",-0.4,60.4,0
761,ASP,-0.845,2,"[760, 762]",-3.5,111.1,1
768,ASP,0.422,2,"[767, 769]",-3.5,111.1,1
770,SER,0.437,2,"[769, 771]",-0.8,89,2.5
771,SER,0.28,2,"[770, 772]",-0.8,89,2.5
772,LYS,1.163,2,"[771, 773]",-3.9,168.6,1
773,PRO,-0.305,2,"[772, 774]",-1.6,112.7,0
775,TYR,0.602,2,"[774, 776]",-1.3,193.6,2.5
779,VAL,0.055,2,"[778, 780]",4.2,140,0
780,THR,1.226,2,"[779, 781]",-0.7,116.1,2.5
787,SER,1.772,2,"[786, 788]",-0.8,89,2.5
788,ASN,0.967,2,"[787, 789]",-3.5,114.1,2.5
789,GLY,1.555,2,"[788, 790]",-0.4,60.4,0
794,ALA,0.026,2,"[793, 795]",1.8,88.6,0
797,PHE,-0.082,2,"[796, 798]",2.8,189.9,0
800,GLY,-0.392,2,"[799, 801]",-0.4,60.4,0
802,ASP,-0.014,2,"[801, 803]",-3.5,111.1,1
803,THR,-0.992,2,"[802, 804]",-0.7,116.1,2.5
804,VAL,-0.291,2,"[803, 805]",4.2,140,0
805,LEU,-1.089,2,"[804, 806]",3.8,166.7,0
807,ALA,-0.848,2,"[806, 808]",1.8,88.6,0
808,THR,-0.513,2,"[807, 809]",-0.7,116.1,2.5
809,SER,-0.405,2,"[808, 810]",-0.8,89,2.5
810,ASP,-0.608,2,"[809, 811]",-3.5,111.1,1
811,PRO,-0.33,2,"[810, 812]",-1.6,112.7,0
813,GLU,-1.083,2,"[812, 814]",-3.5,138.4,1
817,VAL,0.19,2,"[816, 818]",4.2,140,0
819,GLU,0.018,2,"[818, 820]",-3.5,138.4,1
821,GLU,-0.331,2,"[820, 822]",-3.5,138.4,1
823,MET,0.375,2,"[822, 824]",1.9,162.9,0
825,LEU,-0.333,2,"[824, 826]",3.8,166.7,0
826,SER,0.243,2,"[825, 827]",-0.8,89,2.5
827,TYR,0.109,2,"[826, 828]",-1.3,193.6,2.5
830,SER,0.675,2,"[829, 831]",-0.8,89,2.5
833,LYS,1.728,2,"[832, 834]",-3.9,168.6,1
836,TYR,1.564,2,"[835, 837]",-1.3,193.6,2.5
837,LYS,0.328,2,"[836, 838]",-3.9,168.6,1
838,ALA,2.788,2,"[837, 839]",1.8,88.6,0
839,PRO,1.713,2,"[838, 840]",-1.6,112.7,0
841,GLU,2.978,2,"[840, 842]",-3.5,138.4,1
844,ALA,1.627,2,"[843, 845]",1.8,88.6,0
845,MET,0.91,2,"[844, 846]",1.9,162.9,0
846,GLU,0.718,2,"[845, 847]",-3.5,138.4,1
848,GLY,-0.78,2,"[847, 849]",-0.4,60.4,0
849,MET,1.931,2,"[848, 850]",1.9,162.9,0
852,GLU,1.444,2,"[851, 853]",-3.5,138.4,1
855,LEU,2.85,2,"[854, 856]",3.8,166.7,0
856,GLU,1.611,2,"[855, 857]",-3.5,138.4,1
858,ASP,0.587,2,"[857, 859]",-3.5,111.1,1
859,ASP,-0.282,2,"[858, 860]",-3.5,111.1,1
860,GLY,0.88,2,"[859, 861]",-0.4,60.4,0
862,THR,-0.029,2,"[861, 863]",-0.7,116.1,2.5
866,GLN,-0.421,2,"[865, 867]",-3.5,143.8,2.5
867,LEU,-0.276,2,"[866, 868]",3.8,166.7,0
870,ASP,0.516,2,"[869, 871]",-3.5,111.1,1
871,GLN,1.562,2,"[870, 872]",-3.5,143.8,2.5
872,ASP,1.491,2,"[871, 873]",-3.5,111.1,1
873,TYR,1.188,2,"[872, 874]",-1.3,193.6,2.5
874,ALA,-0.321,2,"[873, 875]",1.8,88.6,0
878,SER,-0.33,2,"[877, 879]",-0.8,89,2.5
879,PRO,0.677,2,"[878, 880]",-1.6,112.7,0
880,PRO,0.922,2,"[879, 881]",-1.6,112.7,0
881,LYS,2.981,2,"[880, 882]",-3.9,168.6,1
882,THR,1.596,2,"[881, 883]",-0.7,116.1,2.5
883,GLN,2.452,2,"[882, 884]",-3.5,143.8,2.5
885,THR,1.585,2,"[884, 886]",-0.7,116.1,2.5
886,GLU,1.666,2,"[885, 887]",-3.5,138.4,1
887,ASP,1.541,2,"[886, 888]",-3.5,111.1,1
890,PHE,1.583,2,"[889, 891]",2.8,189.9,0
893,CYS,-1.039,2,"[892, 894]",2.5,108.5,0
896,CYS,-1.079,2,"[895, 897]",2.5,108.5,0
904,GLN,1.036,2,"[903, 905]",-3.5,143.8,2.5
907,ILE,1.219,2,"[906, 908]",4.5,166.7,0
909,ARG,1.59,2,"[908, 910]",-4.5,173.4,1
912,GLU,0.404,2,"[911, 913]",-3.5,138.4,1
915,GLU,1.179,2,"[914, 916]",-3.5,138.4,1
917,LEU,2.396,2,"[916, 918]",3.8,166.7,0
918,ASP,1.471,2,"[917, 919]",-3.5,111.1,1
919,SER,1.351,2,"[918, 920]",-0.8,89,2.5
924,TYR,1.542,2,"[923, 925]",-1.3,193.6,2.5
930,GLY,0.646,2,"[929, 931]",-0.4,60.4,0
931,ILE,0.932,2,"[930, 932]",4.5,166.7,0
933,TYR,-0.041,2,"[932, 934]",-1.3,193.6,2.5
935,VAL,0.336,2,"[934, 936]",4.2,140,0
937,ASP,0.093,2,"[936, 938]",-3.5,111.1,1
940,TYR,0.198,2,"[939, 941]",-1.3,193.6,2.5
942,PRO,1.688,2,"[941, 943]",-1.6,112.7,0
943,PRO,-0.587,2,"[942, 944]",-1.6,112.7,0
944,GLU,1.543,2,"[943, 945]",-3.5,138.4,1
945,ALA,0.342,2,"[944, 946]",1.8,88.6,0
946,PHE,-0.052,2,"[945, 947]",2.8,189.9,0
947,THR,1.161,2,"[946, 948]",-0.7,116.1,2.5
948,PHE,-0.573,2,"[947, 949]",2.8,189.9,0
949,ASN,0.282,2,"[948, 950]",-3.5,114.1,2.5
950,ILE,0.95,2,"[949, 951]",4.5,166.7,0
952,LEU,2.985,2,"[951, 953]",3.8,166.7,0
953,SER,1.624,2,"[952, 954]",-0.8,89,2.5
954,SER,1.477,2,"[953, 955]",-0.8,89,2.5
955,PRO,2.405,2,"[954, 956]",-1.6,112.7,0
956,VAL,2.086,2,"[955, 957]",4.2,140,0
957,LYS,0.906,2,"[956, 958]",-3.9,168.6,1
958,ARG,1.59,2,"[957, 959]",-4.5,173.4,1
959,PRO,1.495,2,"[958, 960]",-1.6,112.7,0
960,ARG,0.876,2,"[959, 961]",-4.5,173.4,1
961,LYS,0.649,2,"[960, 962]",-3.9,168.6,1
962,GLU,1.427,2,"[961, 963]",-3.5,138.4,1
964,VAL,-0.041,2,"[963, 965]",4.2,140,0
965,ASP,-0.785,2,"[964, 966]",-3.5,111.1,1
966,GLU,-0.705,2,"[965, 967]",-3.5,138.4,1
967,ASP,0.956,2,"[966, 968]",-3.5,111.1,1
968,LEU,0.916,2,"[967, 969]",3.8,166.7,0
970,PRO,-0.75,2,"[969, 971]",-1.6,112.7,0
971,GLU,-1.084,2,"[970, 972]",-3.5,138.4,1
972,HIS,0.417,2,"[971, 973]",-3.2,153.2,2.5
973,TYR,-1.007,2,"[972, 974]",-1.3,193.6,2.5
974,ARG,-1.095,2,"[973, 975]",-4.5,173.4,1
975,LYS,-1.007,2,"[974, 976]",-3.9,168.6,1
976,TYR,0.232,2,"[975, 977]",-1.3,193.6,2.5
977,SER,-0.178,2,"[976, 978]",-0.8,89,2.5
978,ASP,-0.189,2,"[977, 979]",-3.5,111.1,1
979,TYR,-0.127,2,"[978, 980]",-1.3,193.6,2.5
980,ILE,0.225,2,"[979, 981]",4.5,166.7,0
981,LYS,-0.883,2,"[980, 982]",-3.9,168.6,1
982,GLY,-0.755,2,"[981, 983]",-0.4,60.4,0
984,ASN,-1.012,2,"[983, 985]",-3.5,114.1,2.5
985,LEU,1.925,2,"[984, 986]",3.8,166.7,0
986,ASP,0.062,2,"[985, 987]",-3.5,111.1,1
988,PRO,-0.341,2,"[987, 989]",-1.6,112.7,0
989,GLU,0.156,2,"[988, 990]",-3.5,138.4,1
991,TYR,-0.574,2,"[990, 992]",-1.3,193.6,2.5
993,ILE,-0.325,2,"[992, 994]",4.5,166.7,0
1004,LYS,0.896,2,"[1003, 1005]",-3.9,168.6,1
1005,SER,1.508,2,"[1004, 1006]",-0.8,89,2.5
1006,ASN,0.174,2,"[1005, 1007]",-3.5,114.1,2.5
1007,GLY,0.936,2,"[1006, 1008]",-0.4,60.4,0
1008,ARG,0.646,2,"[1007, 1009]",-4.5,173.4,1
1010,ASN,0.83,2,"[1009, 1011]",-3.5,114.1,2.5
1011,GLU,1.698,2,"[1010, 1012]",-3.5,138.4,1
1012,THR,1.197,2,"[1011, 1013]",-0.7,116.1,2.5
1013,ASP,0.489,2,"[1012, 1014]",-3.5,111.1,1
1021,PHE,0.224,2,"[1020, 1022]",2.8,189.9,0
1024,PRO,-0.726,2,"[1023, 1025]",-1.6,112.7,0
1026,ASN,-0.82,2,"[1025, 1027]",-3.5,114.1,2.5
1027,THR,-0.934,2,"[1026, 1028]",-0.7,116.1,2.5
1028,HIS,-0.218,2,"[1027, 1029]",-3.2,153.2,2.5
1029,LYS,0.188,2,"[1028, 1030]",-3.9,168.6,1
1032,PRO,0.945,2,"[1031, 1033]",-1.6,112.7,0
1033,ALA,0.45,2,"[1032, 1034]",1.8,88.6,0
1034,SER,0.543,2,"[1033, 1035]",-0.8,89,2.5
1035,TYR,0.817,2,"[1034, 1036]",-1.3,193.6,2.5
1037,ALA,0.994,2,"[1036, 1038]",1.8,88.6,0
1039,ILE,0.053,2,"[1038, 1040]",4.5,166.7,0
1041,LEU,0.215,2,"[1040, 1042]",3.8,166.7,0
1045,SER,-0.905,2,"[1044, 1046]",-0.8,89,2.5
1046,ASP,0.437,2,"[1045, 1047]",-3.5,111.1,1
1047,GLU,-0.947,2,"[1046, 1048]",-3.5,138.4,1
1049,ALA,1.45,2,"[1048, 1050]",1.8,88.6,0
1051,VAL,-0.166,2,"[1050, 1052]",4.2,140,0
1054,LYS,1.503,2,"[1053, 1055]",-3.9,168.6,1
1055,ALA,2.959,2,"[1054, 1056]",1.8,88.6,0
1056,VAL,-0.534,2,"[1055, 1057]",4.2,140,0
1057,GLN,0.749,2,"[1056, 1058]",-3.5,143.8,2.5
1058,GLY,-0.711,2,"[1057, 1059]",-0.4,60.4,0
1064,TYR,0.114,2,"[1063, 1065]",-1.3,193.6,2.5
1065,GLY,0.753,2,"[1064, 1066]",-0.4,60.4,0
1066,GLU,0.146,2,"[1065, 1067]",-3.5,138.4,1
1067,ASP,-0.708,2,"[1066, 1068]",-3.5,111.1,1
1068,LEU,0.155,2,"[1067, 1069]",3.8,166.7,0
1069,PRO,1.441,2,"[1068, 1070]",-1.6,112.7,0
1070,GLU,1.131,2,"[1069, 1071]",-3.5,138.4,1
1071,CYS,0.696,2,"[1070, 1072]",2.5,108.5,0
1073,GLN,0.776,2,"[1072, 1074]",-3.5,143.8,2.5
1074,VAL,0.602,2,"[1073, 1075]",4.2,140,0
1076,SER,0.221,2,"[1075, 1077]",-0.8,89,2.5
1077,MET,1.601,2,"[1076, 1078]",1.9,162.9,0
1078,GLY,2.98,2,"[1077, 1079]",-0.4,60.4,0
1079,GLY,-0.212,2,"[1078, 1080]",-0.4,60.4,0
1080,PRO,0.124,2,"[1079, 1081]",-1.6,112.7,0
1086,LEU,0.523,2,"[1085, 1087]",3.8,166.7,0
1090,ASN,0.048,2,"[1089, 1091]",-3.5,114.1,2.5
1092,LYS,0.852,2,"[1091, 1093]",-3.9,168.6,1
1093,SER,1.272,2,"[1092, 1094]",-0.8,89,2.5
1095,SER,1.179,2,"[1094, 1096]",-0.8,89,2.5
1097,GLU,0.628,2,"[1096, 1098]",-3.5,138.4,1
1100,PRO,-0.481,2,"[1099, 1101]",-1.6,112.7,0
1101,ASN,1.279,2,"[1100, 1102]",-3.5,114.1,2.5
1102,HIS,1.561,2,"[1101, 1103]",-3.2,153.2,2.5
1103,ALA,-0.413,2,"[1102, 1104]",1.8,88.6,0
1106,PRO,0.74,2,"[1105, 1107]",-1.6,112.7,0
1107,GLY,0.718,2,"[1106, 1108]",-0.4,60.4,0
1108,ASN,1.278,2,"[1109, 1110]",-3.5,114.1,2.5
1109,LYS,1.051,2,"[1108, 1110]",-3.9,168.6,1
1111,LYS,-0.639,2,"[1110, 1112]",-3.9,168.6,1
1112,GLY,0.052,2,"[1111, 1113]",-0.4,60.4,0
1113,LYS,-0.65,2,"[1112, 1114]",-3.9,168.6,1
1118,GLY,,2,"[1117, 1119]",-0.4,60.4,0
1119,LYS,,2,"[1118, 1120]",-3.9,168.6,1
1120,PRO,,2,"[1119, 1121]",-1.6,112.7,0
1121,LYS,,2,"[1120, 1122]",-3.9,168.6,1
1122,SER,,2,"[1121, 1123]",-0.8,89,2.5
1123,GLN,,2,"[1122, 1124]",-3.5,143.8,2.5
1124,ALA,,2,"[1123, 1125]",1.8,88.6,0
1125,CYS,,2,"[1124, 1126]",2.5,108.5,0
1126,GLU,,2,"[1125, 1127]",-3.5,138.4,1
1127,PRO,,2,"[1126, 1128]",-1.6,112.7,0
1128,SER,,2,"[1127, 1129]",-0.8,89,2.5
1130,PRO,2.942,2,"[1129, 1131]",-1.6,112.7,0
1131,GLU,1.456,2,"[1130, 1132]",-3.5,138.4,1
1132,ILE,2.899,2,"[1131, 1133]",4.5,166.7,0
1134,ILE,2.985,2,"[1133, 1135]",4.5,166.7,0
1136,LEU,2.776,2,"[1135, 1137]",3.8,166.7,0
1137,PRO,1.571,2,"[1136, 1138]",-1.6,112.7,0
1140,ARG,-0.195,2,"[1139, 1141]",-4.5,173.4,1
1145,PHE,-1.005,2,"[1144, 1146]",2.8,189.9,0
1149,GLY,-1,2,"[1148, 1150]",-0.4,60.4,0
1150,GLY,-1.041,2,"[1149, 1151]",-0.4,60.4,0
1151,LEU,-1.007,2,"[1150, 1152]",3.8,166.7,0
1152,SER,-1.012,2,"[1151, 1153]",-0.8,89,2.5
1153,GLU,-0.573,2,"[1152, 1154]",-3.5,138.4,1
1155,PHE,-0.485,2,"[1154, 1156]",2.8,189.9,0
1156,HIS,-0.71,2,"[1155, 1157]",-3.2,153.2,2.5
1157,GLN,-0.607,2,"[1156, 1158]",-3.5,143.8,2.5
1158,ALA,-0.494,2,"[1157, 1159]",1.8,88.6,0
1159,GLY,-0.268,2,"[1158, 1160]",-0.4,60.4,0
1162,ASP,-0.13,2,"[1161, 1163]",-3.5,111.1,1
1168,GLU,-1.034,2,"[1167, 1169]",-3.5,138.4,1
1170,TRP,0.257,2,"[1169, 1171]",-0.9,227.8,1
1171,ASP,-0.148,2,"[1170, 1172]",-3.5,111.1,1
1172,PRO,0.469,2,"[1171, 1173]",-1.6,112.7,0
1174,ALA,-1.025,2,"[1173, 1175]",1.8,88.6,0
1179,LEU,-0.47,2,"[1178, 1180]",3.8,166.7,0
1180,ASN,-1.045,2,"[1179, 1181]",-3.5,114.1,2.5
1181,ASN,-0.857,2,"[1180, 1182]",-3.5,114.1,2.5
1182,PRO,-0.485,2,"[1181, 1183]",-1.6,112.7,0
1183,GLY,0.939,2,"[1182, 1184]",-0.4,60.4,0
1190,ASP,-1.076,2,"[1189, 1191]",-3.5,111.1,1
1191,CYS,-0.918,2,"[1190, 1192]",2.5,108.5,0
1192,ASN,-1.088,2,"[1191, 1193]",-3.5,114.1,2.5
1193,ILE,1.591,2,"[1192, 1194]",4.5,166.7,0
1194,LEU,-0.643,2,"[1193, 1195]",3.8,166.7,0
1195,LEU,-1.063,2,"[1194, 1196]",3.8,166.7,0
1196,LYS,0.032,2,"[1195, 1197]",-3.9,168.6,1
1197,LEU,0.418,2,"[1196, 1198]",3.8,166.7,0
1198,VAL,-0.294,2,"[1197, 1199]",4.2,140,0
1199,MET,-0.585,2,"[1198, 1200]",1.9,162.9,0
1200,ALA,0.672,2,"[1199, 1201]",1.8,88.6,0
1201,GLY,-0.641,2,"[1200, 1202]",-0.4,60.4,0
1202,GLU,0.549,2,"[1201, 1203]",-3.5,138.4,1
1203,THR,1.444,2,"[1202, 1204]",-0.7,116.1,2.5
1205,ASN,-0.618,2,"[1204, 1206]",-3.5,114.1,2.5
1206,SER,1.107,2,"[1205, 1207]",-0.8,89,2.5
1207,ARG,1.193,2,"[1206, 1208]",-4.5,173.4,1
1208,GLY,-0.283,2,"[1207, 1209]",-0.4,60.4,0
1209,GLN,-0.89,2,"[1208, 1210]",-3.5,143.8,2.5
1211,LEU,-0.717,2,"[1210, 1212]",3.8,166.7,0
1212,PRO,-1.085,2,"[1211, 1213]",-1.6,112.7,0
1213,GLN,-0.212,2,"[1212, 1214]",-3.5,143.8,2.5
1214,LYS,-0.701,2,"[1213, 1215]",-3.9,168.6,1
1215,GLY,-0.92,2,"[1214, 1216]",-0.4,60.4,0
1216,ASP,-0.431,2,"[1215, 1217]",-3.5,111.1,1
1217,VAL,-1.023,2,"[1216, 1218]",4.2,140,0
1224,PRO,-1.085,2,"[1223, 1225]",-1.6,112.7,0
1225,PRO,-1.085,2,"[1224, 1226]",-1.6,112.7,0
1226,CYS,-1.039,2,"[1225, 1227]",2.5,108.5,0
1227,GLN,-1.099,2,"[1226, 1228]",-3.5,143.8,2.5
1228,GLY,-1.04,2,"[1227, 1229]",-0.4,60.4,0
1229,PHE,-1.034,2,"[1228, 1230]",2.8,189.9,0
1230,SER,-1.087,2,"[1229, 1231]",-0.8,89,2.5
1231,GLY,-1.041,2,"[1230, 1232]",-0.4,60.4,0
1232,MET,-1.069,2,"[1231, 1233]",1.9,162.9,0
1233,ASN,-1.1,2,"[1232, 1234]",-3.5,114.1,2.5
1234,ARG,-1.076,2,"[1233, 1235]",-4.5,173.4,1
1235,PHE,-1.089,2,"[1234, 1236]",2.8,189.9,0
1236,ASN,-1.002,2,"[1235, 1237]",-3.5,114.1,2.5
1237,SER,-0.618,2,"[1236, 1238]",-0.8,89,2.5
1238,ARG,-0.726,2,"[1237, 1239]",-4.5,173.4,1
1239,THR,-0.734,2,"[1238, 1240]",-0.7,116.1,2.5
1240,TYR,-1.004,2,"[1239, 1241]",-1.3,193.6,2.5
1241,SER,-1.071,2,"[1240, 1242]",-0.8,89,2.5
1242,LYS,-0.032,2,"[1241, 1243]",-3.9,168.6,1
1243,PHE,-1.005,2,"[1242, 1244]",2.8,189.9,0
1244,LYS,-1.025,2,"[1243, 1245]",-3.9,168.6,1
1245,ASN,-1.073,2,"[1244, 1246]",-3.5,114.1,2.5
1246,SER,-1.057,2,"[1245, 1247]",-0.8,89,2.5
1248,VAL,-0.664,2,"[1247, 1249]",4.2,140,0
1251,PHE,-0.397,2,"[1250, 1252]",2.8,189.9,0
1254,TYR,-0.452,2,"[1253, 1255]",-1.3,193.6,2.5
1258,TYR,-0.785,2,"[1257, 1259]",-1.3,193.6,2.5
1259,ARG,-1.033,2,"[1258, 1260]",-4.5,173.4,1
1265,LEU,-0.916,2,"[1264, 1266]",3.8,166.7,0
1267,ASN,-1.073,2,"[1266, 1268]",-3.5,114.1,2.5
1270,ASN,-0.988,2,"[1269, 1271]",-3.5,114.1,2.5
1271,PHE,-1.033,2,"[1270, 1272]",2.8,189.9,0
1272,VAL,-0.902,2,"[1271, 1273]",4.2,140,0
1274,PHE,-0.546,2,"[1273, 1275]",2.8,189.9,0
1275,LYS,-0.913,2,"[1274, 1276]",-3.9,168.6,1
1276,ARG,0.16,2,"[1275, 1277]",-4.5,173.4,1
1279,VAL,-0.848,2,"[1278, 1280]",4.2,140,0
1280,LEU,-1.006,2,"[1279, 1281]",3.8,166.7,0
1283,THR,-0.696,2,"[1282, 1284]",-0.7,116.1,2.5
1284,LEU,-0.533,2,"[1283, 1285]",3.8,166.7,0
1286,CYS,-0.401,2,"[1285, 1287]",2.5,108.5,0
1287,LEU,-0.979,2,"[1286, 1288]",3.8,166.7,0
1288,VAL,0.647,2,"[1287, 1289]",4.2,140,0
1289,ARG,-0.006,2,"[1288, 1290]",-4.5,173.4,1
1290,MET,-0.975,2,"[1289, 1291]",1.9,162.9,0
1291,GLY,-0.999,2,"[1290, 1292]",-0.4,60.4,0
1292,TYR,-1.035,2,"[1291, 1293]",-1.3,193.6,2.5
1297,GLY,-0.795,2,"[1296, 1298]",-0.4,60.4,0
1299,LEU,-0.57,2,"[1298, 1300]",3.8,166.7,0
1301,ALA,-0.93,2,"[1300, 1302]",1.8,88.6,0
1304,TYR,-0.835,2,"[1303, 1305]",-1.3,193.6,2.5
1305,GLY,-1.04,2,"[1304, 1306]",-0.4,60.4,0
1309,THR,-0.951,2,"[1308, 1310]",-0.7,116.1,2.5
1310,ARG,-1.011,2,"[1309, 1311]",-4.5,173.4,1
1320,PRO,-0.919,2,"[1319, 1321]",-1.6,112.7,0
1321,GLY,-1.04,2,"[1320, 1322]",-0.4,60.4,0
1322,GLU,-0.429,2,"[1321, 1323]",-3.5,138.4,1
1323,LYS,0.504,2,"[1322, 1324]",-3.9,168.6,1
1324,LEU,-1.033,2,"[1323, 1325]",3.8,166.7,0
1325,PRO,-1.053,2,"[1324, 1326]",-1.6,112.7,0
1326,LEU,1.603,2,"[1325, 1327]",3.8,166.7,0
1327,PHE,0.254,2,"[1326, 1328]",2.8,189.9,0
1328,PRO,-1.053,2,"[1327, 1329]",-1.6,112.7,0
1329,GLU,-0.767,2,"[1328, 1330]",-3.5,138.4,1
1330,PRO,-0.885,2,"[1329, 1331]",-1.6,112.7,0
1331,LEU,0.118,2,"[1330, 1332]",3.8,166.7,0
1333,VAL,-0.679,2,"[1332, 1334]",4.2,140,0
1334,PHE,-1.004,2,"[1333, 1335]",2.8,189.9,0
1336,PRO,-0.167,2,"[1335, 1337]",-1.6,112.7,0
1337,ARG,-0.534,2,"[1336, 1338]",-4.5,173.4,1
1338,ALA,-0.568,2,"[1337, 1339]",1.8,88.6,0
1339,CYS,0.104,2,"[1338, 1340]",2.5,108.5,0
1340,GLN,-0.391,2,"[1339, 1341]",-3.5,143.8,2.5
1341,LEU,-0.828,2,"[1340, 1342]",3.8,166.7,0
1342,SER,-0.179,2,"[1341, 1343]",-0.8,89,2.5
1343,VAL,-0.496,2,"[1342, 1344]",4.2,140,0
1345,VAL,-0.64,2,"[1344, 1346]",4.2,140,0
1346,ASP,-0.524,2,"[1345, 1347]",-3.5,111.1,1
1347,ASP,0.316,2,"[1346, 1348]",-3.5,111.1,1
1348,LYS,0.172,2,"[1347, 1349]",-3.9,168.6,1
1350,PHE,0.303,2,"[1349, 1351]",2.8,189.9,0
1351,VAL,2.223,2,"[1350, 1352]",4.2,140,0
1352,SER,-0.264,2,"[1351, 1353]",-0.8,89,2.5
1353,ASN,-0.636,2,"[1352, 1354]",-3.5,114.1,2.5
1354,ILE,0.363,2,"[1353, 1355]",4.5,166.7,0
1355,THR,0.741,2,"[1354, 1356]",-0.7,116.1,2.5
1356,ARG,-0.341,2,"[1355, 1357]",-4.5,173.4,1
1357,LEU,1.223,2,"[1356, 1358]",3.8,166.7,0
1358,SER,1.041,2,"[1357, 1359]",-0.8,89,2.5
1359,SER,-0.874,2,"[1358, 1360]",-0.8,89,2.5
1361,PRO,-0.803,2,"[1360, 1362]",-1.6,112.7,0
1363,ARG,-1.032,2,"[1362, 1364]",-4.5,173.4,1
1364,THR,-0.872,2,"[1363, 1365]",-0.7,116.1,2.5
1369,ASP,-1.054,2,"[1368, 1370]",-3.5,111.1,1
1371,MET,-0.702,2,"[1370, 1372]",1.9,162.9,0
1373,ASP,-1.076,2,"[1372, 1374]",-3.5,111.1,1
1374,LEU,-1.062,2,"[1373, 1375]",3.8,166.7,0
1375,PRO,-1.053,2,"[1374, 1376]",-1.6,112.7,0
1376,GLU,0.325,2,"[1375, 1377]",-3.5,138.4,1
1377,VAL,-0.867,2,"[1376, 1378]",4.2,140,0
1378,ARG,0.948,2,"[1377, 1379]",-4.5,173.4,1
1382,SER,0.067,2,"[1381, 1383]",-0.8,89,2.5
1383,ALA,1.188,2,"[1382, 1384]",1.8,88.6,0
1384,LEU,0.664,2,"[1383, 1385]",3.8,166.7,0
1386,ILE,-0.429,2,"[1385, 1387]",4.5,166.7,0
1387,SER,0.491,2,"[1386, 1388]",-0.8,89,2.5
1388,TYR,-1.006,2,"[1387, 1389]",-1.3,193.6,2.5
1389,ASN,0.782,2,"[1388, 1390]",-3.5,114.1,2.5
1390,GLY,0.552,2,"[1389, 1391]",-0.4,60.4,0
1391,GLU,-0.305,2,"[1390, 1392]",-3.5,138.4,1
1392,PRO,0.128,2,"[1391, 1393]",-1.6,112.7,0
1393,GLN,0.74,2,"[1392, 1394]",-3.5,143.8,2.5
1396,PHE,-0.801,2,"[1395, 1397]",2.8,189.9,0
1397,GLN,-1.087,2,"[1396, 1398]",-3.5,143.8,2.5
1399,GLN,0.632,2,"[1398, 1400]",-3.5,143.8,2.5
1401,ARG,-1.031,2,"[1400, 1402]",-4.5,173.4,1
1402,GLY,0.634,2,"[1401, 1403]",-0.4,60.4,0
1403,ALA,0.925,2,"[1402, 1404]",1.8,88.6,0
1404,GLN,0.194,2,"[1403, 1405]",-3.5,143.8,2.5
1405,TYR,1.06,2,"[1404, 1406]",-1.3,193.6,2.5
1406,GLN,0.043,2,"[1405, 1407]",-3.5,143.8,2.5
1407,PRO,1.117,2,"[1406, 1408]",-1.6,112.7,0
1408,ILE,0.539,2,"[1407, 1409]",4.5,166.7,0
1409,LEU,-0.69,2,"[1408, 1410]",3.8,166.7,0
1411,ASP,-0.926,2,"[1410, 1412]",-3.5,111.1,1
1415,LYS,-1.08,2,"[1414, 1416]",-3.9,168.6,1
1417,MET,-0.952,2,"[1416, 1418]",1.9,162.9,0
1418,SER,-0.388,2,"[1417, 1419]",-0.8,89,2.5
1419,ALA,-0.206,2,"[1418, 1420]",1.8,88.6,0
1420,LEU,-0.494,2,"[1419, 1421]",3.8,166.7,0
1422,ALA,-0.473,2,"[1421, 1423]",1.8,88.6,0
1423,ALA,-0.549,2,"[1422, 1424]",1.8,88.6,0
1425,MET,-0.642,2,"[1424, 1426]",1.9,162.9,0
1426,ARG,0.306,2,"[1425, 1427]",-4.5,173.4,1
1427,HIS,0.166,2,"[1426, 1428]",-3.2,153.2,2.5
1428,ILE,-0.808,2,"[1427, 1429]",4.5,166.7,0
1429,PRO,-1.084,2,"[1428, 1430]",-1.6,112.7,0
1430,LEU,-0.343,2,"[1429, 1431]",3.8,166.7,0
1431,ALA,0.342,2,"[1430, 1432]",1.8,88.6,0
1432,PRO,-0.057,2,"[1431, 1433]",-1.6,112.7,0
1433,GLY,-0.955,2,"[1432, 1434]",-0.4,60.4,0
1434,SER,-0.83,2,"[1433, 1435]",-0.8,89,2.5
1436,TRP,-1.077,2,"[1435, 1437]",-0.9,227.8,1
1437,ARG,-1.094,2,"[1436, 1438]",-4.5,173.4,1
1438,ASP,-0.889,2,"[1437, 1439]",-3.5,111.1,1
1439,LEU,-1.062,2,"[1438, 1440]",3.8,166.7,0
1441,ASN,-1.088,2,"[1440, 1442]",-3.5,114.1,2.5
1442,ILE,-0.141,2,"[1441, 1443]",4.5,166.7,0
1444,VAL,-0.059,2,"[1443, 1445]",4.2,140,0
1446,LEU,-1.005,2,"[1445, 1447]",3.8,166.7,0
1447,SER,0.029,2,"[1446, 1448]",-0.8,89,2.5
1448,ASP,-0.948,2,"[1447, 1449]",-3.5,111.1,1
1449,GLY,-0.668,2,"[1448, 1450]",-0.4,60.4,0
1450,THR,0.009,2,"[1449, 1451]",-0.7,116.1,2.5
1452,ALA,0.233,2,"[1451, 1453]",1.8,88.6,0
1454,LYS,-0.52,2,"[1453, 1455]",-3.9,168.6,1
1455,LEU,-1.062,2,"[1454, 1456]",3.8,166.7,0
1456,ARG,0.635,2,"[1455, 1457]",-4.5,173.4,1
1457,TYR,-1.005,2,"[1456, 1458]",-1.3,193.6,2.5
1458,THR,0.471,2,"[1457, 1459]",-0.7,116.1,2.5
1461,ASP,-0.836,2,"[1460, 1462]",-3.5,111.1,1
1462,ARG,0.117,2,"[1461, 1463]",-4.5,173.4,1
1463,LYS,-0.73,2,"[1462, 1464]",-3.9,168.6,1
1464,ASN,-0.526,2,"[1463, 1465]",-3.5,114.1,2.5
1465,GLY,-0.629,2,"[1464, 1466]",-0.4,60.4,0
1467,SER,-0.484,2,"[1466, 1468]",-0.8,89,2.5
1468,SER,0.199,2,"[1467, 1469]",-0.8,89,2.5
1469,SER,0.799,2,"[1468, 1470]",-0.8,89,2.5
1470,GLY,-0.267,2,"[1469, 1471]",-0.4,60.4,0
1471,ALA,0.165,2,"[1470, 1472]",1.8,88.6,0
1473,ARG,-0.903,2,"[1472, 1474]",-4.5,173.4,1
1475,VAL,-1.04,2,"[1474, 1476]",4.2,140,0
1476,CYS,-1.038,2,"[1475, 1477]",2.5,108.5,0
1477,SER,0.146,2,"[1476, 1478]",-0.8,89,2.5
1478,CYS,-1.078,2,"[1477, 1479]",2.5,108.5,0
1479,VAL,-0.131,2,"[1478, 1480]",4.2,140,0
1480,GLU,0.912,2,"[1479, 1481]",-3.5,138.4,1
1481,ALA,0.95,2,"[1480, 1482]",1.8,88.6,0
1482,GLY,-0.08,2,"[1481, 1483]",-0.4,60.4,0
1483,LYS,0.927,2,"[1482, 1484]",-3.9,168.6,1
1484,ALA,2.985,2,"[1483, 1485]",1.8,88.6,0
1485,CYS,-1.037,2,"[1484, 1486]",2.5,108.5,0
1486,ASP,-0.48,2,"[1485, 1487]",-3.5,111.1,1
1487,PRO,0.436,2,"[1486, 1488]",-1.6,112.7,0
1488,ALA,1.034,2,"[1487, 1489]",1.8,88.6,0
1489,ALA,-0.534,2,"[1488, 1490]",1.8,88.6,0
1490,ARG,-0.536,2,"[1489, 1491]",-4.5,173.4,1
1491,GLN,-1.099,2,"[1490, 1492]",-3.5,143.8,2.5
1492,PHE,0.172,2,"[1491, 1493]",2.8,189.9,0
1493,ASN,-0.765,2,"[1492, 1494]",-3.5,114.1,2.5
1495,LEU,-0.92,2,"[1494, 1496]",3.8,166.7,0
1496,ILE,-0.893,2,"[1495, 1497]",4.5,166.7,0
1497,PRO,-1.084,2,"[1496, 1498]",-1.6,112.7,0
1498,TRP,-1.034,2,"[1497, 1499]",-0.9,227.8,1
1500,LEU,-1.089,2,"[1499, 1501]",3.8,166.7,0
1503,THR,-1.097,2,"[1502, 1504]",-0.7,116.1,2.5
1505,ASN,-0.981,2,"[1504, 1506]",-3.5,114.1,2.5
1506,ARG,-1.051,2,"[1505, 1507]",-4.5,173.4,1
1507,HIS,-0.992,2,"[1506, 1508]",-3.2,153.2,2.5
1508,ASN,-1.028,2,"[1507, 1509]",-3.5,114.1,2.5
1510,TRP,-1.076,2,"[1509, 1511]",-0.9,227.8,1
1511,ALA,-0.611,2,"[1510, 1512]",1.8,88.6,0
1518,GLU,-0.455,2,"[1517, 1519]",-3.5,138.4,1
1520,ASP,-0.482,2,"[1519, 1521]",-3.5,111.1,1
1524,SER,-0.83,2,"[1523, 1525]",-0.8,89,2.5
1525,THR,-1.043,2,"[1524, 1526]",-0.7,116.1,2.5
1526,THR,-0.969,2,"[1525, 1527]",-0.7,116.1,2.5
1529,ASN,-1.01,2,"[1528, 1530]",-3.5,114.1,2.5
1530,PRO,-1.016,2,"[1529, 1531]",-1.6,112.7,0
1533,MET,-1.019,2,"[1532, 1534]",1.9,162.9,0
1535,LYS,-1.06,2,"[1534, 1536]",-3.9,168.6,1
1536,GLN,-1.086,2,"[1535, 1537]",-3.5,143.8,2.5
1539,VAL,-1.038,2,"[1538, 1540]",4.2,140,0
1541,HIS,-1.053,2,"[1540, 1542]",-3.2,153.2,2.5
1543,GLU,-0.482,2,"[1542, 1544]",-3.5,138.4,1
1544,GLN,-0.991,2,"[1543, 1545]",-3.5,143.8,2.5
1545,HIS,-0.29,2,"[1544, 1546]",-3.2,153.2,2.5
1548,VAL,-0.998,2,"[1547, 1549]",4.2,140,0
1550,VAL,-0.939,2,"[1549, 1551]",4.2,140,0
1559,PHE,-1.03,2,"[1558, 1560]",2.8,189.9,0
1561,ASP,-1.075,2,"[1560, 1562]",-3.5,111.1,1
1562,THR,-0.24,2,"[1561, 1563]",-0.7,116.1,2.5
1563,TYR,-0.458,2,"[1562, 1564]",-1.3,193.6,2.5
1564,ARG,-0.343,2,"[1563, 1565]",-4.5,173.4,1
1566,PHE,0.387,2,"[1565, 1567]",2.8,189.9,0
1567,GLY,-0.953,2,"[1566, 1568]",-0.4,60.4,0
1568,ASN,0.124,2,"[1567, 1569]",-3.5,114.1,2.5
1569,ILE,-0.015,2,"[1568, 1570]",4.5,166.7,0
1570,LEU,-0.186,2,"[1569, 1571]",3.8,166.7,0
1571,ASP,-0.769,2,"[1570, 1572]",-3.5,111.1,1
1572,LYS,-0.857,2,"[1571, 1573]",-3.9,168.6,1
1573,HIS,-0.941,2,"[1572, 1574]",-3.2,153.2,2.5
1575,GLN,-1.069,2,"[1574, 1576]",-3.5,143.8,2.5
1576,VAL,-0.232,2,"[1575, 1577]",4.2,140,0
1578,ASN,-1.071,2,"[1577, 1579]",-3.5,114.1,2.5
1580,VAL,-1.017,2,"[1579, 1581]",4.2,140,0
1584,LEU,-0.517,2,"[1583, 1585]",3.8,166.7,0
1587,ALA,-0.807,2,"[1586, 1588]",1.8,88.6,0
1588,ILE,-0.639,2,"[1587, 1589]",4.5,166.7,0
1591,GLU,-1.063,2,"[1590, 1592]",-3.5,138.4,1
1592,ILE,-0.669,2,"[1591, 1593]",4.5,166.7,0
1594,LEU,-0.217,2,"[1593, 1595]",3.8,166.7,0
1596,MET,0.949,2,"[1595, 1597]",1.9,162.9,0
1597,LEU,2.964,2,"[1596, 1598]",3.8,166.7,0
1599,LYS,-0.239,2,"[1598, 1600]",-3.9,168.6,1
1601,ARG,1.171,2,"[1600, 1602]",-4.5,173.4,1
1602,GLU,-0.321,2,"[1601, 1603]",-3.5,138.4,1
1603,SER,1.489,2,"[1602, 1604]",-0.8,89,2.5
1604,ALA,0.673,2,"[1603, 1605]",1.8,88.6,0
1606,ALA,,2,"[1605, 1607]",1.8,88.6,0
1608,ILE,,2,"[1607, 1609]",4.5,166.7,0
1611,GLU,,2,"[1610, 1612]",-3.5,138.4,1
1613,ALA,,2,"[1612, 1614]",1.8,88.6,0
1614,ALA,,2,"[1613, 1615]",1.8,88.6,0
1615,LYS,,2,"[1614, 1616]",-3.9,168.6,1
1,MET,,1,[2],1.9,162.9,0
162,THR,,1,[163],-0.7,116.1,2.5
174,GLY,,1,[173],-0.4,60.4,0
342,THR,,1,[343],-0.7,116.1,2.5
343,VAL,,1,[342],4.2,140,0
348,THR,,1,[349],-0.7,116.1,2.5
350,PRO,0.022,1,[351],-1.6,112.7,0
599,ALA,-0.909,1,[598],1.8,88.6,0
602,GLN,1.248,1,[601],-3.5,143.8,2.5
610,GLU,1.163,1,[609],-3.5,138.4,1
615,PRO,0.514,1,[616],-1.6,112.7,0
633,ALA,0.887,1,[632],1.8,88.6,0
638,LYS,0.932,1,[637],-3.9,168.6,1
646,ASN,1.326,1,[647],-3.5,114.1,2.5
649,LYS,-0.441,1,[650],-3.9,168.6,1
702,ASP,-0.398,1,[703],-3.5,111.1,1
730,ARG,1.235,1,[731],-4.5,173.4,1
850,ASP,1.002,1,[849],-3.5,111.1,1
861,LYS,0.231,1,[862],-3.9,168.6,1
884,PRO,2.408,1,[883],-1.6,112.7,0
888,ASN,1.587,1,[889],-3.5,114.1,2.5
951,LYS,0.859,1,[950],-3.9,168.6,1
963,PRO,1.594,1,[964],-1.6,112.7,0
1104,ARG,0.822,1,[1103],-4.5,173.4,1
1105,SER,1.133,1,[1104],-0.8,89,2.5
1110,GLY,0.669,1,[1111],-0.4,60.4,0
1114,GLY,-0.035,1,[1113],-0.4,60.4,0
1116,GLY,,1,[1117],-0.4,60.4,0
1117,LYS,,1,[1116],-3.9,168.6,1
1129,GLU,2.939,1,[1130],-3.5,138.4,1
1133,GLU,2.957,1,[1134],-3.5,138.4,1
1135,LYS,1.49,1,[1136],-3.9,168.6,1
1600,ALA,-0.948,1,[1599],1.8,88.6,0
1605,SER,-0.271,1,[1604],-0.8,89,2.5
1616,ASP,,1,[1615],-3.5,111.1,1
1115,LYS,-0.713,0,[],-3.9,168.6,1