residue_id,residue_name,conservation_score,neighbour_count,hydrophobicity,volume,proton_donor
1,MET,-0.917,1,1.9,162.9,0.0
2,ASN,1.983,2,-3.5,114.1,2.5
3,PRO,1.403,3,-1.6,112.7,0.0
4,ILE,1.716,2,4.5,166.7,0.0
5,VAL,-0.954,3,4.2,140.0,0.0
6,VAL,0.802,3,4.2,140.0,0.0
7,VAL,-0.205,3,4.2,140.0,0.0
8,HIS,-0.171,3,-3.2,153.2,2.5
9,GLY,-0.781,4,-0.4,60.4,0.0
10,GLY,-1.279,3,-0.4,60.4,0.0
11,GLY,-0.872,4,-0.4,60.4,0.0
12,ALA,0.159,2,1.8,88.6,0.0
13,GLY,-0.078,2,-0.4,60.4,0.0
14,PRO,-0.372,4,-1.6,112.7,0.0
15,ILE,1.291,2,4.5,166.7,0.0
16,SER,1.094,2,-0.8,89.0,2.5
17,LYS,-0.966,4,-3.9,168.6,1.0
18,ASP,-0.643,3,-3.5,111.1,1.0
19,ARG,1.394,2,-4.5,173.4,1.0
20,LYS,0.284,2,-3.9,168.6,1.0
21,GLU,-0.701,5,-3.5,138.4,1.0
22,ARG,0.666,3,-4.5,173.4,1.0
23,VAL,1.113,2,4.2,140.0,0.0
24,HIS,0.731,3,-3.2,153.2,2.5
25,GLN,-0.858,4,-3.5,143.8,2.5
26,GLY,2.785,2,-0.4,60.4,0.0
27,MET,2.805,2,1.9,162.9,0.0
28,VAL,-0.27,2,4.2,140.0,0.0
29,ARG,0.652,4,-4.5,173.4,1.0
30,ALA,0.174,2,1.8,88.6,0.0
31,ALA,-0.695,3,1.8,88.6,0.0
32,THR,0.288,2,-0.7,116.1,2.5
33,VAL,-0.44,2,4.2,140.0,0.0
34,GLY,-1.154,4,-0.4,60.4,0.0
35,TYR,-0.972,3,-1.3,193.6,2.5
36,GLY,-0.245,2,-0.4,60.4,0.0
37,ILE,0.391,2,4.5,166.7,0.0
38,LEU,-0.724,5,3.8,166.7,0.0
39,ARG,-0.602,2,-4.5,173.4,1.0
40,GLU,0.989,3,-3.5,138.4,1.0
41,GLY,0.813,2,-0.4,60.4,0.0
42,GLY,-0.523,2,-0.4,60.4,0.0
43,SER,-1.391,4,-0.8,89.0,2.5
44,ALA,-0.255,2,1.8,88.6,0.0
45,VAL,-0.321,2,4.2,140.0,0.0
46,ASP,0.029,3,-3.5,111.1,1.0
47,ALA,2.497,2,1.8,88.6,0.0
48,VAL,0.353,2,4.2,140.0,0.0
49,GLU,-0.469,4,-3.5,138.4,1.0
50,GLY,-1.112,3,-0.4,60.4,0.0
51,ALA,-1.288,4,1.8,88.6,0.0
52,VAL,-1.257,3,4.2,140.0,0.0
53,VAL,0.343,3,4.2,140.0,0.0
54,ALA,-1.213,4,1.8,88.6,0.0
55,LEU,-1.022,4,3.8,166.7,0.0
56,GLU,-0.295,2,-3.5,138.4,1.0
57,ASP,-0.528,5,-3.5,111.1,1.0
58,ASP,-0.977,4,-3.5,111.1,1.0
59,PRO,0.546,3,-1.6,112.7,0.0
60,GLU,0.449,2,-3.5,138.4,1.0
61,PHE,-0.905,3,2.8,189.9,0.0
62,ASN,0.971,3,-3.5,114.1,2.5
63,ALA,-0.649,3,1.8,88.6,0.0
64,GLY,-1.14,4,-0.4,60.4,0.0
65,CYS,-0.741,3,2.5,108.5,0.0
66,GLY,-1.299,3,-0.4,60.4,0.0
67,SER,-1.301,4,-0.8,89.0,2.5
68,VAL,-0.526,4,4.2,140.0,0.0
69,LEU,-0.711,3,3.8,166.7,0.0
70,ASN,-1.333,3,-3.5,114.1,2.5
71,THR,-0.219,3,-0.7,116.1,2.5
72,ASN,-0.655,2,-3.5,114.1,2.5
73,GLY,1.549,2,-0.4,60.4,0.0
74,GLU,0.688,2,-3.5,138.4,1.0
75,VAL,0.667,2,4.2,140.0,0.0
76,GLU,-0.357,3,-3.5,138.4,1.0
77,MET,-1.245,5,1.9,162.9,0.0
78,ASP,-0.879,5,-3.5,111.1,1.0
79,ALA,-1.11,2,1.8,88.6,0.0
80,SER,-0.548,4,-0.8,89.0,2.5
81,ILE,-0.174,3,4.5,166.7,0.0
82,MET,-0.266,3,1.9,162.9,0.0
83,ASP,0.16,3,-3.5,111.1,1.0
84,GLY,0.881,3,-0.4,60.4,0.0
85,LYS,-0.385,2,-3.9,168.6,1.0
86,ASP,-0.02,2,-3.5,111.1,1.0
87,LEU,-0.93,2,3.8,166.7,0.0
88,SER,-1.106,2,-0.8,89.0,2.5
89,ALA,-0.783,2,1.8,88.6,0.0
90,GLY,0.191,3,-0.4,60.4,0.0
91,ALA,-0.558,3,1.8,88.6,0.0
92,VAL,-1.35,4,4.2,140.0,0.0
93,SER,-0.522,3,-0.8,89.0,2.5
94,ALA,1.249,4,1.8,88.6,0.0
95,VAL,-0.971,2,4.2,140.0,0.0
96,GLN,-1.023,3,-3.5,143.8,2.5
97,CYS,-0.334,3,2.5,108.5,0.0
98,ILE,0.782,2,4.5,166.7,0.0
99,ALA,-0.754,2,1.8,88.6,0.0
100,ASN,0.806,2,-3.5,114.1,2.5
101,PRO,-1.136,2,-1.6,112.7,0.0
102,ILE,-0.716,3,4.5,166.7,0.0
103,LYS,-0.189,3,-3.9,168.6,1.0
104,LEU,-0.775,3,3.8,166.7,0.0
105,ALA,0.075,4,1.8,88.6,0.0
106,ARG,-0.611,3,-4.5,173.4,1.0
107,LEU,1.062,2,3.8,166.7,0.0
108,VAL,-0.883,2,4.2,140.0,0.0
109,MET,-1.247,4,1.9,162.9,0.0
110,GLU,0.246,2,-3.5,138.4,1.0
111,LYS,1.013,2,-3.9,168.6,1.0
112,THR,-0.743,2,-0.7,116.1,2.5
113,PRO,-1.113,2,-1.6,112.7,0.0
114,HIS,1.345,2,-3.2,153.2,2.5
115,CYS,0.651,2,2.5,108.5,0.0
116,PHE,0.517,2,2.8,189.9,0.0
117,LEU,-0.356,2,3.8,166.7,0.0
118,THR,0.229,2,-0.7,116.1,2.5
119,ASP,0.239,2,-3.5,111.1,1.0
120,GLN,1.454,2,-3.5,143.8,2.5
121,GLY,0.141,3,-0.4,60.4,0.0
122,ALA,0.168,2,1.8,88.6,0.0
123,ALA,-0.779,3,1.8,88.6,0.0
124,GLN,0.326,2,-3.5,143.8,2.5
125,PHE,-0.833,2,2.8,189.9,0.0
126,ALA,0.661,2,1.8,88.6,0.0
127,ALA,1.457,2,1.8,88.6,0.0
128,ALA,-0.634,2,1.8,88.6,0.0
129,MET,0.932,2,1.9,162.9,0.0
130,GLY,0.819,2,-0.4,60.4,0.0
131,VAL,0.255,2,4.2,140.0,0.0
132,PRO,0.058,3,-1.6,112.7,0.0
133,GLU,0.914,3,-3.5,138.4,1.0
134,ILE,0.916,2,4.5,166.7,0.0
135,PRO,0.384,3,-1.6,112.7,0.0
136,GLY,0.581,2,-0.4,60.4,0.0
137,GLU,1.056,2,-3.5,138.4,1.0
138,LYS,1.419,2,-3.9,168.6,1.0
139,LEU,0.908,3,3.8,166.7,0.0
140,VAL,2.107,2,4.2,140.0,0.0
141,THR,1.37,1,-0.7,116.1,2.5
142,GLU,1.287,2,-3.5,138.4,1.0
143,ARG,1.005,2,-4.5,173.4,1.0
144,ASN,2.795,2,-3.5,114.1,2.5
145,LYS,1.492,2,-3.9,168.6,1.0
146,LYS,1.029,2,-3.9,168.6,1.0
147,ARG,1.486,2,-4.5,173.4,1.0
148,LEU,1.132,2,3.8,166.7,0.0
149,GLU,0.141,2,-3.5,138.4,1.0
150,LYS,0.401,2,-3.9,168.6,1.0
151,GLU,-1.025,2,-3.5,138.4,1.0
152,LYS,-1.385,3,-3.9,168.6,1.0
153,HIS,-1.259,2,-3.2,153.2,2.5
154,GLU,-1.098,3,-3.5,138.4,1.0
155,LYS,-0.761,3,-3.9,168.6,1.0
156,GLY,-0.88,3,-0.4,60.4,0.0
157,ALA,-1.035,3,1.8,88.6,0.0
158,GLN,-0.033,3,-3.5,143.8,2.5
159,LYS,-1.237,3,-3.9,168.6,1.0
160,THR,1.601,2,-0.7,116.1,2.5
161,ASP,1.526,2,-3.5,111.1,1.0
162,CYS,-0.96,2,2.5,108.5,0.0
163,GLN,-0.297,2,-3.5,143.8,2.5
164,LYS,-0.353,3,-3.9,168.6,1.0
165,ASN,-0.926,3,-3.5,114.1,2.5
166,LEU,-0.972,3,3.8,166.7,0.0
167,GLY,-0.648,3,-0.4,60.4,0.0
168,THR,-1.171,3,-0.7,116.1,2.5
169,VAL,-1.352,3,4.2,140.0,0.0
170,GLY,-1.374,4,-0.4,60.4,0.0
171,ALA,-1.369,4,1.8,88.6,0.0
172,VAL,-1.385,3,4.2,140.0,0.0
173,ALA,-0.266,2,1.8,88.6,0.0
174,LEU,-0.311,2,3.8,166.7,0.0
175,ASP,-0.181,4,-3.5,111.1,1.0
176,CYS,-1.229,3,2.5,108.5,0.0
177,LYS,0.338,2,-3.9,168.6,1.0
178,GLY,0.792,2,-0.4,60.4,0.0
179,ASN,-1.281,2,-3.5,114.1,2.5
180,VAL,-1.388,2,4.2,140.0,0.0
181,ALA,-0.913,2,1.8,88.6,0.0
182,TYR,-1.308,3,-1.3,193.6,2.5
183,ALA,-1.354,4,1.8,88.6,0.0
184,THR,-0.898,3,-0.7,116.1,2.5
185,SER,-0.955,4,-0.8,89.0,2.5
186,THR,-0.522,2,-0.7,116.1,2.5
187,GLY,-0.638,2,-0.4,60.4,0.0
188,GLY,-1.298,4,-0.4,60.4,0.0
189,ILE,-0.871,4,4.5,166.7,0.0
190,VAL,-1.346,5,4.2,140.0,0.0
191,ASN,-0.773,3,-3.5,114.1,2.5
192,LYS,-0.425,3,-3.9,168.6,1.0
193,MET,-1.125,3,1.9,162.9,0.0
194,VAL,-0.648,2,4.2,140.0,0.0
195,GLY,-0.524,2,-0.4,60.4,0.0
196,ARG,1.306,2,-4.5,173.4,1.0
197,VAL,0.166,2,4.2,140.0,0.0
198,GLY,-0.625,3,-0.4,60.4,0.0
199,ASP,-0.822,3,-3.5,111.1,1.0
200,SER,-0.823,3,-0.8,89.0,2.5
201,PRO,-1.016,3,-1.6,112.7,0.0
202,CYS,-0.417,4,2.5,108.5,0.0
203,LEU,-1.315,2,3.8,166.7,0.0
204,GLY,-1.369,3,-0.4,60.4,0.0
205,ALA,0.543,2,1.8,88.6,0.0
206,GLY,-1.385,5,-0.4,60.4,0.0
207,GLY,-1.355,2,-0.4,60.4,0.0
208,TYR,0.349,2,-1.3,193.6,2.5
209,ALA,-0.771,2,1.8,88.6,0.0
210,ASP,-0.661,3,-3.5,111.1,1.0
211,ASN,-0.861,2,-3.5,114.1,2.5
212,ASP,0.639,2,-3.5,111.1,1.0
213,ILE,0.493,4,4.5,166.7,0.0
214,GLY,-0.455,3,-0.4,60.4,0.0
215,ALA,-1.003,3,1.8,88.6,0.0
216,VAL,0.255,3,4.2,140.0,0.0
217,SER,0.193,2,-0.8,89.0,2.5
218,THR,-0.514,3,-0.7,116.1,2.5
219,THR,-0.562,2,-0.7,116.1,2.5
220,GLY,-0.348,3,-0.4,60.4,0.0
221,HIS,0.094,3,-3.2,153.2,2.5
222,GLY,-0.695,3,-0.4,60.4,0.0
223,GLU,-0.198,3,-3.5,138.4,1.0
224,SER,0.031,3,-0.8,89.0,2.5
225,ILE,-0.312,2,4.5,166.7,0.0
226,LEU,1.434,3,3.8,166.7,0.0
227,LYS,0.088,3,-3.9,168.6,1.0
228,VAL,0.011,3,4.2,140.0,0.0
229,ASN,0.235,3,-3.5,114.1,2.5
230,LEU,0.331,3,3.8,166.7,0.0
231,ALA,-1.286,2,1.8,88.6,0.0
232,ARG,-0.243,2,-4.5,173.4,1.0
233,LEU,1.003,2,3.8,166.7,0.0
234,THR,1.353,3,-0.7,116.1,2.5
235,LEU,-0.618,2,3.8,166.7,0.0
236,PHE,-0.234,2,2.8,189.9,0.0
237,HIS,1.738,4,-3.2,153.2,2.5
238,ILE,0.225,2,4.5,166.7,0.0
239,GLU,-0.068,2,-3.5,138.4,1.0
240,GLN,1.019,3,-3.5,143.8,2.5
241,GLY,1.483,2,-0.4,60.4,0.0
242,LYS,0.795,3,-3.9,168.6,1.0
243,THR,0.863,2,-0.7,116.1,2.5
244,VAL,1.332,2,4.2,140.0,0.0
245,GLU,2.278,3,-3.5,138.4,1.0
246,GLU,0.287,2,-3.5,138.4,1.0
247,ALA,1.779,2,1.8,88.6,0.0
248,ALA,0.073,2,1.8,88.6,0.0
249,ASP,1.372,2,-3.5,111.1,1.0
250,LEU,1.876,2,3.8,166.7,0.0
251,SER,0.579,2,-0.8,89.0,2.5
252,LEU,0.882,2,3.8,166.7,0.0
253,GLY,0.112,2,-0.4,60.4,0.0
254,TYR,0.085,2,-1.3,193.6,2.5
255,MET,-0.203,3,1.9,162.9,0.0
256,LYS,-0.865,3,-3.9,168.6,1.0
257,SER,0.076,3,-0.8,89.0,2.5
258,ARG,-0.847,3,-4.5,173.4,1.0
259,VAL,-0.892,3,4.2,140.0,0.0
260,LYS,0.461,3,-3.9,168.6,1.0
261,GLY,-0.741,3,-0.4,60.4,0.0
262,LEU,0.178,2,3.8,166.7,0.0
263,GLY,1.626,3,-0.4,60.4,0.0
264,GLY,-1.337,3,-0.4,60.4,0.0
265,LEU,-0.035,2,3.8,166.7,0.0
266,ILE,1.024,3,4.5,166.7,0.0
267,VAL,-0.515,4,4.2,140.0,0.0
268,VAL,0.105,3,4.2,140.0,0.0
269,SER,0.042,2,-0.8,89.0,2.5
270,LYS,-0.292,4,-3.9,168.6,1.0
271,THR,-0.788,4,-0.7,116.1,2.5
272,GLY,-0.329,2,-0.4,60.4,0.0
273,ASP,1.137,2,-3.5,111.1,1.0
274,TRP,-0.362,2,-0.9,227.8,1.0
275,VAL,-1.182,2,4.2,140.0,0.0
276,ALA,-0.065,4,1.8,88.6,0.0
277,LYS,-0.234,4,-3.9,168.6,1.0
278,TRP,-0.628,3,-0.9,227.8,1.0
279,THR,0.641,3,-0.7,116.1,2.5
280,SER,1.552,3,-0.8,89.0,2.5
281,THR,1.099,3,-0.7,116.1,2.5
282,SER,2.567,2,-0.8,89.0,2.5
283,MET,2.463,2,1.9,162.9,0.0
284,PRO,0.432,2,-1.6,112.7,0.0
285,TRP,0.171,3,-0.9,227.8,1.0
286,ALA,2.384,2,1.8,88.6,0.0
287,ALA,0.869,3,1.8,88.6,0.0
288,ALA,1.811,2,1.8,88.6,0.0
289,LYS,2.094,3,-3.9,168.6,1.0
290,ASP,0.544,2,-3.5,111.1,1.0
291,GLY,1.924,2,-0.4,60.4,0.0
292,LYS,0.139,4,-3.9,168.6,1.0
293,LEU,1.348,3,3.8,166.7,0.0
294,HIS,-0.484,2,-3.2,153.2,2.5
295,PHE,-0.453,1,2.8,189.9,0.0
296,GLY,,2,-0.4,60.4,0.0
297,ILE,,3,4.5,166.7,0.0
298,ASP,,3,-3.5,111.1,1.0
299,PRO,,2,-1.6,112.7,0.0
300,ASP,,2,-3.5,111.1,1.0
301,ASP,,1,-3.5,111.1,1.0
302,THR,,3,-0.7,116.1,2.5
303,THR,,2,-0.7,116.1,2.5
304,ILE,,3,4.5,166.7,0.0
305,THR,,2,-0.7,116.1,2.5
306,ASP,,3,-3.5,111.1,1.0
307,LEU,,2,3.8,166.7,0.0
308,PRO,,1,-1.6,112.7,0.0
